"blockNumber","address","totalsupply"
"11453414","0xc944e90c64b2c07662a292be6244bdf05cda44a7",""10000000000""
"11460060","0xc944e90c64b2c07662a292be6244bdf05cda44a7",""10000000000""
"11466706","0xc944e90c64b2c07662a292be6244bdf05cda44a7",""10000000000""
"11473352","0xc944e90c64b2c07662a292be6244bdf05cda44a7",""10000000000""
"11479998","0xc944e90c64b2c07662a292be6244bdf05cda44a7",""9999886857.861555189955453503""
"11486644","0xc944e90c64b2c07662a292be6244bdf05cda44a7",""10000365599.000362658362778328""
"11493290","0xc944e90c64b2c07662a292be6244bdf05cda44a7",""10000289156.716355996698170661""
"11499936","0xc944e90c64b2c07662a292be6244bdf05cda44a7",""10000690683.600805346624936945""
"11506582","0xc944e90c64b2c07662a292be6244bdf05cda44a7",""10000816430.927241005117284435""
"11513228","0xc944e90c64b2c07662a292be6244bdf05cda44a7",""10000443576.259379985142590255""
"11519874","0xc944e90c64b2c07662a292be6244bdf05cda44a7",""10000590016.488994762913264015""
"11526520","0xc944e90c64b2c07662a292be6244bdf05cda44a7",""10002159295.075589314178671469""
"11533166","0xc944e90c64b2c07662a292be6244bdf05cda44a7",""10002640703.000892529602503893""
"11539812","0xc944e90c64b2c07662a292be6244bdf05cda44a7",""10003043279.075388355329008704""
"11546458","0xc944e90c64b2c07662a292be6244bdf05cda44a7",""10003378092.959301172734117812""
"11553104","0xc944e90c64b2c07662a292be6244bdf05cda44a7",""10004363421.630198186563572519""
"11559750","0xc944e90c64b2c07662a292be6244bdf05cda44a7",""10004685753.406737935541471231""
"11566396","0xc944e90c64b2c07662a292be6244bdf05cda44a7",""10005268157.447584551167242821""
"11573042","0xc944e90c64b2c07662a292be6244bdf05cda44a7",""10006833691.539855181352699839""
"11579688","0xc944e90c64b2c07662a292be6244bdf05cda44a7",""10007103254.50537029349234649""
"11586334","0xc944e90c64b2c07662a292be6244bdf05cda44a7",""10007710882.369188218884525217""
"11592980","0xc944e90c64b2c07662a292be6244bdf05cda44a7",""10008219920.781243027462747728""
"11599626","0xc944e90c64b2c07662a292be6244bdf05cda44a7",""10008701376.204243926298009558""
"11606272","0xc944e90c64b2c07662a292be6244bdf05cda44a7",""10008604856.027829157883622465""
"11612918","0xc944e90c64b2c07662a292be6244bdf05cda44a7",""10008819326.315076852278829218""
"11619564","0xc944e90c64b2c07662a292be6244bdf05cda44a7",""10009402736.908917487024920479""
"11626210","0xc944e90c64b2c07662a292be6244bdf05cda44a7",""10010112867.419934195200114944""
"11632856","0xc944e90c64b2c07662a292be6244bdf05cda44a7",""10010468830.967752289750909392""
"11639502","0xc944e90c64b2c07662a292be6244bdf05cda44a7",""10011072387.803308799441210302""
"11646148","0xc944e90c64b2c07662a292be6244bdf05cda44a7",""10011668115.144468012928098175""
"11652794","0xc944e90c64b2c07662a292be6244bdf05cda44a7",""10012448374.144995037555691713""
"11659440","0xc944e90c64b2c07662a292be6244bdf05cda44a7",""10013665902.824325393214902354""
"11666086","0xc944e90c64b2c07662a292be6244bdf05cda44a7",""10016102936.340189228829238315""
"11672732","0xc944e90c64b2c07662a292be6244bdf05cda44a7",""10016942383.323096627180807678""
"11679378","0xc944e90c64b2c07662a292be6244bdf05cda44a7",""10017251809.901951800444563825""
"11686024","0xc944e90c64b2c07662a292be6244bdf05cda44a7",""10017565500.677884287365352423""
"11692670","0xc944e90c64b2c07662a292be6244bdf05cda44a7",""10018134239.050278784928278376""
"11699316","0xc944e90c64b2c07662a292be6244bdf05cda44a7",""10018712816.164976792005010944""
"11705962","0xc944e90c64b2c07662a292be6244bdf05cda44a7",""10019504606.473326155484084581""
"11712608","0xc944e90c64b2c07662a292be6244bdf05cda44a7",""10019883440.972001439641353612""
"11719254","0xc944e90c64b2c07662a292be6244bdf05cda44a7",""10020347315.701334913490383174""
"11725900","0xc944e90c64b2c07662a292be6244bdf05cda44a7",""10021809493.796737511732783925""
"11732546","0xc944e90c64b2c07662a292be6244bdf05cda44a7",""10023429364.375214074604632097""
"11739192","0xc944e90c64b2c07662a292be6244bdf05cda44a7",""10023792871.387975366741201548""
"11745838","0xc944e90c64b2c07662a292be6244bdf05cda44a7",""10023991185.318715292774933903""
"11752484","0xc944e90c64b2c07662a292be6244bdf05cda44a7",""10024367628.833231474865125039""
"11759130","0xc944e90c64b2c07662a292be6244bdf05cda44a7",""10025080690.548805404183988279""
"11765776","0xc944e90c64b2c07662a292be6244bdf05cda44a7",""10025789178.858669688293929678""
"11772422","0xc944e90c64b2c07662a292be6244bdf05cda44a7",""10026717461.502795719354808662""
"11779068","0xc944e90c64b2c07662a292be6244bdf05cda44a7",""10027086532.537170988845193917""
"11785714","0xc944e90c64b2c07662a292be6244bdf05cda44a7",""10027109216.203235982474333999""
"11792360","0xc944e90c64b2c07662a292be6244bdf05cda44a7",""10027521422.095311922890108606""
"11799006","0xc944e90c64b2c07662a292be6244bdf05cda44a7",""10027859455.532326113797693661""
"11805652","0xc944e90c64b2c07662a292be6244bdf05cda44a7",""10028778656.145612361530078819""
"11812298","0xc944e90c64b2c07662a292be6244bdf05cda44a7",""10029477742.013824845673233205""
"11818944","0xc944e90c64b2c07662a292be6244bdf05cda44a7",""10030097864.673364747442727625""
"11825590","0xc944e90c64b2c07662a292be6244bdf05cda44a7",""10030257988.362420443794270853""
"11832236","0xc944e90c64b2c07662a292be6244bdf05cda44a7",""10030907533.904061468252279093""
"11838882","0xc944e90c64b2c07662a292be6244bdf05cda44a7",""10031753706.22278449566647123""
"11845528","0xc944e90c64b2c07662a292be6244bdf05cda44a7",""10032066733.093933295974713606""
"11852174","0xc944e90c64b2c07662a292be6244bdf05cda44a7",""10032395107.317026759270354314""
"11858820","0xc944e90c64b2c07662a292be6244bdf05cda44a7",""10033921481.579403859400713088""
"11865466","0xc944e90c64b2c07662a292be6244bdf05cda44a7",""10034691886.195391880592101826""
"11872112","0xc944e90c64b2c07662a292be6244bdf05cda44a7",""10036867376.619341705224200395""
"11878758","0xc944e90c64b2c07662a292be6244bdf05cda44a7",""10037791478.243981866529084817""
"11885404","0xc944e90c64b2c07662a292be6244bdf05cda44a7",""10038256131.803211056535225415""
"11892050","0xc944e90c64b2c07662a292be6244bdf05cda44a7",""10038663126.008111463208863543""
"11898696","0xc944e90c64b2c07662a292be6244bdf05cda44a7",""10040003013.434061225220926712""
"11905342","0xc944e90c64b2c07662a292be6244bdf05cda44a7",""10040301879.427473233386560681""
"11911988","0xc944e90c64b2c07662a292be6244bdf05cda44a7",""10040521782.012719806314144779""
"11918634","0xc944e90c64b2c07662a292be6244bdf05cda44a7",""10040831959.822259865399785842""
"11925280","0xc944e90c64b2c07662a292be6244bdf05cda44a7",""10040472587.690397316700349677""
"11931926","0xc944e90c64b2c07662a292be6244bdf05cda44a7",""10041010807.230325548312526756""
"11938572","0xc944e90c64b2c07662a292be6244bdf05cda44a7",""10041279810.19562947138308366""
"11945218","0xc944e90c64b2c07662a292be6244bdf05cda44a7",""10042593941.944182323609575203""
"11951864","0xc944e90c64b2c07662a292be6244bdf05cda44a7",""10042870938.363130742044708133""
"11958510","0xc944e90c64b2c07662a292be6244bdf05cda44a7",""10043209749.649694068474665948""
"11965156","0xc944e90c64b2c07662a292be6244bdf05cda44a7",""10043663929.054952771125088352""
"11971802","0xc944e90c64b2c07662a292be6244bdf05cda44a7",""10044021092.445928721981061472""
"11978448","0xc944e90c64b2c07662a292be6244bdf05cda44a7",""10044563124.968213423352373612""
"11985094","0xc944e90c64b2c07662a292be6244bdf05cda44a7",""10047406243.349975958427833236""
"11991740","0xc944e90c64b2c07662a292be6244bdf05cda44a7",""10048671078.254476638768202292""
"11998386","0xc944e90c64b2c07662a292be6244bdf05cda44a7",""10049191458.787802759719639715""
"12005032","0xc944e90c64b2c07662a292be6244bdf05cda44a7",""10050046117.864032644556681599""
"12011678","0xc944e90c64b2c07662a292be6244bdf05cda44a7",""10051250409.953715211585630776""
"12018324","0xc944e90c64b2c07662a292be6244bdf05cda44a7",""10051452302.757036766635259792""
"12024970","0xc944e90c64b2c07662a292be6244bdf05cda44a7",""10052075109.986103881144055463""
"12031616","0xc944e90c64b2c07662a292be6244bdf05cda44a7",""10052425807.967754477359556045""
"12038262","0xc944e90c64b2c07662a292be6244bdf05cda44a7",""10053500236.640172944005804215""
"12044908","0xc944e90c64b2c07662a292be6244bdf05cda44a7",""10053920569.142973091064170957""
"12051554","0xc944e90c64b2c07662a292be6244bdf05cda44a7",""10055402811.989122069869605564""
"12058200","0xc944e90c64b2c07662a292be6244bdf05cda44a7",""10056200972.317864355260709776""
"12064846","0xc944e90c64b2c07662a292be6244bdf05cda44a7",""10056563323.779186578397896843""
"12071492","0xc944e90c64b2c07662a292be6244bdf05cda44a7",""10057065747.774654937128800358""
"12078138","0xc944e90c64b2c07662a292be6244bdf05cda44a7",""10058241752.816425746586967094""
"12084784","0xc944e90c64b2c07662a292be6244bdf05cda44a7",""10058761511.718177104845173267""
"12091430","0xc944e90c64b2c07662a292be6244bdf05cda44a7",""10059160017.629351423385908165""
"12098076","0xc944e90c64b2c07662a292be6244bdf05cda44a7",""10060101653.456816992056324421""
"12104722","0xc944e90c64b2c07662a292be6244bdf05cda44a7",""10060687613.785884776446201484""
"12111368","0xc944e90c64b2c07662a292be6244bdf05cda44a7",""10061282287.228168122658652185""
"12118014","0xc944e90c64b2c07662a292be6244bdf05cda44a7",""10061972108.858026505338662787""
"12124660","0xc944e90c64b2c07662a292be6244bdf05cda44a7",""10062447128.646511966453861092""
"12131306","0xc944e90c64b2c07662a292be6244bdf05cda44a7",""10063928834.004166967602749367""
"12137952","0xc944e90c64b2c07662a292be6244bdf05cda44a7",""10064374659.787308769757779611""
"12144598","0xc944e90c64b2c07662a292be6244bdf05cda44a7",""10066321102.182176446412227786""
"12151244","0xc944e90c64b2c07662a292be6244bdf05cda44a7",""10067546576.304140762925477159""
"12157890","0xc944e90c64b2c07662a292be6244bdf05cda44a7",""10068590970.873865318917375131""
"12164536","0xc944e90c64b2c07662a292be6244bdf05cda44a7",""10069296341.582918433634576889""
"12171182","0xc944e90c64b2c07662a292be6244bdf05cda44a7",""10070595476.977880345980411333""
"12177828","0xc944e90c64b2c07662a292be6244bdf05cda44a7",""10071177981.238678790135053207""
"12184474","0xc944e90c64b2c07662a292be6244bdf05cda44a7",""10071415441.020839129988662278""
"12191120","0xc944e90c64b2c07662a292be6244bdf05cda44a7",""10071931014.39362730792786386""
"12197766","0xc944e90c64b2c07662a292be6244bdf05cda44a7",""10072179327.462582242560263506""
"12204412","0xc944e90c64b2c07662a292be6244bdf05cda44a7",""10073318928.007197729990316262""
"12211058","0xc944e90c64b2c07662a292be6244bdf05cda44a7",""10074510665.662291059701296946""
"12217704","0xc944e90c64b2c07662a292be6244bdf05cda44a7",""10074881959.868247374630227851""
"12224350","0xc944e90c64b2c07662a292be6244bdf05cda44a7",""10075455700.542665072521239638""
"12230996","0xc944e90c64b2c07662a292be6244bdf05cda44a7",""10075866035.688608778705279515""
"12237642","0xc944e90c64b2c07662a292be6244bdf05cda44a7",""10076169878.259484144935896968""
"12244288","0xc944e90c64b2c07662a292be6244bdf05cda44a7",""10076746094.868947512994379358""
"12250934","0xc944e90c64b2c07662a292be6244bdf05cda44a7",""10077028594.130194673968421874""
"12257580","0xc944e90c64b2c07662a292be6244bdf05cda44a7",""10078957172.416651891562134623""
"12264226","0xc944e90c64b2c07662a292be6244bdf05cda44a7",""10079257440.03243429882444144""
"12270872","0xc944e90c64b2c07662a292be6244bdf05cda44a7",""10079831000.635867874377772993""
"12277518","0xc944e90c64b2c07662a292be6244bdf05cda44a7",""10080571274.564203407439885776""
"12284164","0xc944e90c64b2c07662a292be6244bdf05cda44a7",""10080988721.961782580169848459""
"12290810","0xc944e90c64b2c07662a292be6244bdf05cda44a7",""10081632207.062501381894369276""
"12297456","0xc944e90c64b2c07662a292be6244bdf05cda44a7",""10083391333.030521966371741378""
"12304102","0xc944e90c64b2c07662a292be6244bdf05cda44a7",""10084722308.350582763960909049""
"12310748","0xc944e90c64b2c07662a292be6244bdf05cda44a7",""10085233502.892646581266499358""
"12317394","0xc944e90c64b2c07662a292be6244bdf05cda44a7",""10086274934.245158540756660446""
"12324040","0xc944e90c64b2c07662a292be6244bdf05cda44a7",""10088004775.747071420999470992""
"12330686","0xc944e90c64b2c07662a292be6244bdf05cda44a7",""10089651744.741398364746166459""
"12337332","0xc944e90c64b2c07662a292be6244bdf05cda44a7",""10090161004.0382205944540918""
"12343978","0xc944e90c64b2c07662a292be6244bdf05cda44a7",""10091072245.068275825212703444""
"12350624","0xc944e90c64b2c07662a292be6244bdf05cda44a7",""10091295336.420097357067572131""
"12357270","0xc944e90c64b2c07662a292be6244bdf05cda44a7",""10091619534.200005649917524702""
"12363916","0xc944e90c64b2c07662a292be6244bdf05cda44a7",""10092964501.141958993038172835""
"12370562","0xc944e90c64b2c07662a292be6244bdf05cda44a7",""10093311653.491941126099339626""
"12377208","0xc944e90c64b2c07662a292be6244bdf05cda44a7",""10093508415.626523770697995413""
"12383854","0xc944e90c64b2c07662a292be6244bdf05cda44a7",""10094429642.163860237619056762""
"12390500","0xc944e90c64b2c07662a292be6244bdf05cda44a7",""10094759001.003411130798933494""
"12397146","0xc944e90c64b2c07662a292be6244bdf05cda44a7",""10095002059.419762778944944429""
"12403792","0xc944e90c64b2c07662a292be6244bdf05cda44a7",""10095204115.375714069656910694""
"12410438","0xc944e90c64b2c07662a292be6244bdf05cda44a7",""10095381575.900127343008133251""
"12417084","0xc944e90c64b2c07662a292be6244bdf05cda44a7",""10095819026.232960252905037025""
"12423730","0xc944e90c64b2c07662a292be6244bdf05cda44a7",""10095903164.04332877340985694""
"12430376","0xc944e90c64b2c07662a292be6244bdf05cda44a7",""10098930209.25170997665728427""
"12437022","0xc944e90c64b2c07662a292be6244bdf05cda44a7",""10099808271.735309150642188942""
"12443668","0xc944e90c64b2c07662a292be6244bdf05cda44a7",""10100345051.711766454761292031""
"12450314","0xc944e90c64b2c07662a292be6244bdf05cda44a7",""10100694789.052279351753585858""
"12456960","0xc944e90c64b2c07662a292be6244bdf05cda44a7",""10101537799.876441982886169074""
"12463606","0xc944e90c64b2c07662a292be6244bdf05cda44a7",""10102005960.128714827874934653""
"12470252","0xc944e90c64b2c07662a292be6244bdf05cda44a7",""10102905418.853044367071326938""
"12476898","0xc944e90c64b2c07662a292be6244bdf05cda44a7",""10103252751.177674965356535209""
"12483544","0xc944e90c64b2c07662a292be6244bdf05cda44a7",""10103544851.843833019316555518""
"12490190","0xc944e90c64b2c07662a292be6244bdf05cda44a7",""10103900124.021971038826255282""
"12496836","0xc944e90c64b2c07662a292be6244bdf05cda44a7",""10104208812.918828536835730188""
"12503482","0xc944e90c64b2c07662a292be6244bdf05cda44a7",""10104807869.945085970192721641""
"12510128","0xc944e90c64b2c07662a292be6244bdf05cda44a7",""10106685622.880855411155820673""
"12516774","0xc944e90c64b2c07662a292be6244bdf05cda44a7",""10107397086.646758621191872858""
"12523420","0xc944e90c64b2c07662a292be6244bdf05cda44a7",""10109739862.92349477219565569""
"12530066","0xc944e90c64b2c07662a292be6244bdf05cda44a7",""10112109589.356347023568288174""
"12536712","0xc944e90c64b2c07662a292be6244bdf05cda44a7",""10112587680.332344751953547915""
"12543358","0xc944e90c64b2c07662a292be6244bdf05cda44a7",""10112973800.85898330016850011""
"12550004","0xc944e90c64b2c07662a292be6244bdf05cda44a7",""10113670877.346439988495285402""
"12556650","0xc944e90c64b2c07662a292be6244bdf05cda44a7",""10114580940.618249884405686279""
"12563296","0xc944e90c64b2c07662a292be6244bdf05cda44a7",""10114840106.608384252805852945""
"12569942","0xc944e90c64b2c07662a292be6244bdf05cda44a7",""10115157265.972063720602103748""
"12576588","0xc944e90c64b2c07662a292be6244bdf05cda44a7",""10115509476.218021366172799494""
"12583234","0xc944e90c64b2c07662a292be6244bdf05cda44a7",""10115820036.03590574222684102""
"12589880","0xc944e90c64b2c07662a292be6244bdf05cda44a7",""10116443143.345699972183525421""
"12596526","0xc944e90c64b2c07662a292be6244bdf05cda44a7",""10117599857.143233020784291161""
"12603172","0xc944e90c64b2c07662a292be6244bdf05cda44a7",""10119181269.098015962445974099""
"12609818","0xc944e90c64b2c07662a292be6244bdf05cda44a7",""10119959472.742171198145581219""
"12616464","0xc944e90c64b2c07662a292be6244bdf05cda44a7",""10120585881.84981293087340719""
"12623110","0xc944e90c64b2c07662a292be6244bdf05cda44a7",""10120807972.023868289287982942""
"12629756","0xc944e90c64b2c07662a292be6244bdf05cda44a7",""10120900541.654851815419458868""
"12636402","0xc944e90c64b2c07662a292be6244bdf05cda44a7",""10123127548.546937642518784855""
"12643048","0xc944e90c64b2c07662a292be6244bdf05cda44a7",""10123698637.27652206330123239""
"12649694","0xc944e90c64b2c07662a292be6244bdf05cda44a7",""10124636606.681327134727815993""
"12656340","0xc944e90c64b2c07662a292be6244bdf05cda44a7",""10124190584.699725906966471222""
"12662986","0xc944e90c64b2c07662a292be6244bdf05cda44a7",""10124435521.899613070969362902""
"12669632","0xc944e90c64b2c07662a292be6244bdf05cda44a7",""10125515168.556925267960657684""
"12676278","0xc944e90c64b2c07662a292be6244bdf05cda44a7",""10126035232.321118943301309278""
"12682924","0xc944e90c64b2c07662a292be6244bdf05cda44a7",""10127835295.753306380598381712""
"12689570","0xc944e90c64b2c07662a292be6244bdf05cda44a7",""10128090182.07935205161688352""
"12696216","0xc944e90c64b2c07662a292be6244bdf05cda44a7",""10130521318.149090848287802361""
"12702862","0xc944e90c64b2c07662a292be6244bdf05cda44a7",""10131010947.072532183418340512""
"12709508","0xc944e90c64b2c07662a292be6244bdf05cda44a7",""10131315244.400241799270414551""
"12716154","0xc944e90c64b2c07662a292be6244bdf05cda44a7",""10131789056.743513844572638457""
"12722800","0xc944e90c64b2c07662a292be6244bdf05cda44a7",""10132478211.737516013719413215""
"12729446","0xc944e90c64b2c07662a292be6244bdf05cda44a7",""10132787782.985067206107514141""
"12736092","0xc944e90c64b2c07662a292be6244bdf05cda44a7",""10133281169.54852500426333144""
"12742738","0xc944e90c64b2c07662a292be6244bdf05cda44a7",""10135949459.202248209741912835""
"12749384","0xc944e90c64b2c07662a292be6244bdf05cda44a7",""10136244016.489740241705206758""
"12756030","0xc944e90c64b2c07662a292be6244bdf05cda44a7",""10136393833.933648039871890835""
"12762676","0xc944e90c64b2c07662a292be6244bdf05cda44a7",""10136671239.727868877592332311""
"12769322","0xc944e90c64b2c07662a292be6244bdf05cda44a7",""10137258004.052359667237718978""
"12775968","0xc944e90c64b2c07662a292be6244bdf05cda44a7",""10137610136.551801593457259098""
"12782614","0xc944e90c64b2c07662a292be6244bdf05cda44a7",""10137954945.688601025711781713""
"12789260","0xc944e90c64b2c07662a292be6244bdf05cda44a7",""10139739082.75121690153720929""
"12795906","0xc944e90c64b2c07662a292be6244bdf05cda44a7",""10140943672.199852632245826661""
"12802552","0xc944e90c64b2c07662a292be6244bdf05cda44a7",""10141018572.788767696496700859""
"12809198","0xc944e90c64b2c07662a292be6244bdf05cda44a7",""10141606681.814461805788527229""
"12815844","0xc944e90c64b2c07662a292be6244bdf05cda44a7",""10143241636.881070767823337013""
"12822490","0xc944e90c64b2c07662a292be6244bdf05cda44a7",""10143985820.225872906775995559""
"12829136","0xc944e90c64b2c07662a292be6244bdf05cda44a7",""10145299737.23894146612194834""
"12835782","0xc944e90c64b2c07662a292be6244bdf05cda44a7",""10145555076.956109809830677712""
"12842428","0xc944e90c64b2c07662a292be6244bdf05cda44a7",""10146463342.953505036988413166""
"12849074","0xc944e90c64b2c07662a292be6244bdf05cda44a7",""10146711880.37588644724977674""
"12855720","0xc944e90c64b2c07662a292be6244bdf05cda44a7",""10147315424.04004968545658119""
"12862366","0xc944e90c64b2c07662a292be6244bdf05cda44a7",""10148334663.606882921210039043""
"12869012","0xc944e90c64b2c07662a292be6244bdf05cda44a7",""10149095996.897327468335270811""
"12875658","0xc944e90c64b2c07662a292be6244bdf05cda44a7",""10149585419.42016735356778895""
"12882304","0xc944e90c64b2c07662a292be6244bdf05cda44a7",""10150610760.997310219796776604""
"12888950","0xc944e90c64b2c07662a292be6244bdf05cda44a7",""10151374362.755472171447259062""
"12895596","0xc944e90c64b2c07662a292be6244bdf05cda44a7",""10151479832.676788839114879524""
"12902242","0xc944e90c64b2c07662a292be6244bdf05cda44a7",""10151940403.655343977121753362""
"12908888","0xc944e90c64b2c07662a292be6244bdf05cda44a7",""10152245523.757615533565679895""
"12915534","0xc944e90c64b2c07662a292be6244bdf05cda44a7",""10152881151.213589606944270398""
"12922180","0xc944e90c64b2c07662a292be6244bdf05cda44a7",""10153678759.455816838548003903""
"12928826","0xc944e90c64b2c07662a292be6244bdf05cda44a7",""10154371908.824151277288089508""
"12935472","0xc944e90c64b2c07662a292be6244bdf05cda44a7",""10155190279.392243234219989097""
"12942118","0xc944e90c64b2c07662a292be6244bdf05cda44a7",""10156152970.071029873624388805""
"12948764","0xc944e90c64b2c07662a292be6244bdf05cda44a7",""10156580644.760871420203703973""
"12955410","0xc944e90c64b2c07662a292be6244bdf05cda44a7",""10158537259.195634355174133366""
"12962056","0xc944e90c64b2c07662a292be6244bdf05cda44a7",""10158820970.308008974070223078""
"12968702","0xc944e90c64b2c07662a292be6244bdf05cda44a7",""10159648001.865789820681689161""
"12975348","0xc944e90c64b2c07662a292be6244bdf05cda44a7",""10160706644.310671623716779509""
"12981994","0xc944e90c64b2c07662a292be6244bdf05cda44a7",""10161455404.920370480947686135""
"12988640","0xc944e90c64b2c07662a292be6244bdf05cda44a7",""10161543396.315650404662375503""
"12995286","0xc944e90c64b2c07662a292be6244bdf05cda44a7",""10162033098.523891760240895821""
"13001932","0xc944e90c64b2c07662a292be6244bdf05cda44a7",""10162387980.629829206864646781""
"13008578","0xc944e90c64b2c07662a292be6244bdf05cda44a7",""10162668100.697009805223808765""
"13015224","0xc944e90c64b2c07662a292be6244bdf05cda44a7",""10162807308.109702689199467357""
"13021870","0xc944e90c64b2c07662a292be6244bdf05cda44a7",""10163850190.632929332597729783""
"13028516","0xc944e90c64b2c07662a292be6244bdf05cda44a7",""10164257854.569891065440688939""
"13035162","0xc944e90c64b2c07662a292be6244bdf05cda44a7",""10164754597.720097981072526381""
"13041808","0xc944e90c64b2c07662a292be6244bdf05cda44a7",""10165945449.094614726311354948""
"13048454","0xc944e90c64b2c07662a292be6244bdf05cda44a7",""10166627469.04464988123210053""
"13055100","0xc944e90c64b2c07662a292be6244bdf05cda44a7",""10167862047.298579948728783641""
"13061746","0xc944e90c64b2c07662a292be6244bdf05cda44a7",""10169170497.475950399395511727""
"13068392","0xc944e90c64b2c07662a292be6244bdf05cda44a7",""10170168427.275751923209552069""
"13075038","0xc944e90c64b2c07662a292be6244bdf05cda44a7",""10170349906.798931792981362347""
"13081684","0xc944e90c64b2c07662a292be6244bdf05cda44a7",""10170742924.247709014436486158""
"13088330","0xc944e90c64b2c07662a292be6244bdf05cda44a7",""10171421786.788371126371493991""
"13094976","0xc944e90c64b2c07662a292be6244bdf05cda44a7",""10173578214.60945419380964947""
"13101622","0xc944e90c64b2c07662a292be6244bdf05cda44a7",""10173752189.457944379609029998""
"13108268","0xc944e90c64b2c07662a292be6244bdf05cda44a7",""10173577875.420681856438543482""
"13114914","0xc944e90c64b2c07662a292be6244bdf05cda44a7",""10173968022.611555343335550117""
"13121560","0xc944e90c64b2c07662a292be6244bdf05cda44a7",""10174342392.371475919653416829""
"13128206","0xc944e90c64b2c07662a292be6244bdf05cda44a7",""10175074144.445518083947997161""
"13134852","0xc944e90c64b2c07662a292be6244bdf05cda44a7",""10176550597.399009856147459384""
"13141498","0xc944e90c64b2c07662a292be6244bdf05cda44a7",""10178103572.992420341406850533""
"13148144","0xc944e90c64b2c07662a292be6244bdf05cda44a7",""10178564718.908191664912453792""
"13154790","0xc944e90c64b2c07662a292be6244bdf05cda44a7",""10179120949.414874590856375346""
"13161436","0xc944e90c64b2c07662a292be6244bdf05cda44a7",""10179530238.623976950629111404""
"13168082","0xc944e90c64b2c07662a292be6244bdf05cda44a7",""10180094845.205321458389367802""
"13174728","0xc944e90c64b2c07662a292be6244bdf05cda44a7",""10180395398.669077407700522182""
"13181374","0xc944e90c64b2c07662a292be6244bdf05cda44a7",""10181206645.781064408773944165""
"13188020","0xc944e90c64b2c07662a292be6244bdf05cda44a7",""10182414490.673616941428874535""
"13194666","0xc944e90c64b2c07662a292be6244bdf05cda44a7",""10183381294.122701322841265528""
"13201312","0xc944e90c64b2c07662a292be6244bdf05cda44a7",""10184126218.692464711380217002""
"13207958","0xc944e90c64b2c07662a292be6244bdf05cda44a7",""10184642559.038328667905708843""
"13214604","0xc944e90c64b2c07662a292be6244bdf05cda44a7",""10184910601.243218760515085372""
"13221250","0xc944e90c64b2c07662a292be6244bdf05cda44a7",""10185018912.654915386949103258""
"13227896","0xc944e90c64b2c07662a292be6244bdf05cda44a7",""10186749195.698560758123001041""
"13234542","0xc944e90c64b2c07662a292be6244bdf05cda44a7",""10188360129.121809993252603308""
"13241188","0xc944e90c64b2c07662a292be6244bdf05cda44a7",""10188887290.105875890854289857""
"13247834","0xc944e90c64b2c07662a292be6244bdf05cda44a7",""10189038948.761272981750826458""
"13254480","0xc944e90c64b2c07662a292be6244bdf05cda44a7",""10189156425.127108050864629588""
"13261126","0xc944e90c64b2c07662a292be6244bdf05cda44a7",""10189289640.727115459884765692""
"13267772","0xc944e90c64b2c07662a292be6244bdf05cda44a7",""10190733538.734019082828061721""
"13274418","0xc944e90c64b2c07662a292be6244bdf05cda44a7",""10190924037.840864576320395827""
"13281064","0xc944e90c64b2c07662a292be6244bdf05cda44a7",""10192515020.83870626415701047""
"13287710","0xc944e90c64b2c07662a292be6244bdf05cda44a7",""10192641266.398882034297638815""
"13294356","0xc944e90c64b2c07662a292be6244bdf05cda44a7",""10193517137.249133250399249889""
"13301002","0xc944e90c64b2c07662a292be6244bdf05cda44a7",""10193765170.835169161526212222""
"13307648","0xc944e90c64b2c07662a292be6244bdf05cda44a7",""10194354723.436533906961199966""
"13314294","0xc944e90c64b2c07662a292be6244bdf05cda44a7",""10194807541.863009390928962499""
"13320940","0xc944e90c64b2c07662a292be6244bdf05cda44a7",""10197624401.072981115220706214""
"13327586","0xc944e90c64b2c07662a292be6244bdf05cda44a7",""10199323861.791668479647134486""
"13334232","0xc944e90c64b2c07662a292be6244bdf05cda44a7",""10200628743.840388630590824343""
"13340878","0xc944e90c64b2c07662a292be6244bdf05cda44a7",""10201563514.26136304668986217""
"13347524","0xc944e90c64b2c07662a292be6244bdf05cda44a7",""10201717499.789754378714108425""
"13354170","0xc944e90c64b2c07662a292be6244bdf05cda44a7",""10201942872.862464908963757149""
"13360816","0xc944e90c64b2c07662a292be6244bdf05cda44a7",""10202331709.163852160104767675""
"13367462","0xc944e90c64b2c07662a292be6244bdf05cda44a7",""10203040744.253939414391626331""
"13374108","0xc944e90c64b2c07662a292be6244bdf05cda44a7",""10203342200.416404366863372765""
"13380754","0xc944e90c64b2c07662a292be6244bdf05cda44a7",""10204663781.784206066317768789""
"13387400","0xc944e90c64b2c07662a292be6244bdf05cda44a7",""10205291820.96177567567342235""
"13394046","0xc944e90c64b2c07662a292be6244bdf05cda44a7",""10205711257.777954464438788738""
"13400692","0xc944e90c64b2c07662a292be6244bdf05cda44a7",""10206268319.851315083764095255""
"13407338","0xc944e90c64b2c07662a292be6244bdf05cda44a7",""10207094758.174680368065313236""
"13413984","0xc944e90c64b2c07662a292be6244bdf05cda44a7",""10208596343.922220523942504454""
"13420630","0xc944e90c64b2c07662a292be6244bdf05cda44a7",""10208757360.539228831291794186""
"13427276","0xc944e90c64b2c07662a292be6244bdf05cda44a7",""10210258456.272592142872938183""
"13433922","0xc944e90c64b2c07662a292be6244bdf05cda44a7",""10210679958.707163227742983352""
"13440568","0xc944e90c64b2c07662a292be6244bdf05cda44a7",""10210900312.341578941400247913""
"13447214","0xc944e90c64b2c07662a292be6244bdf05cda44a7",""10211654202.317171563477851117""
"13453860","0xc944e90c64b2c07662a292be6244bdf05cda44a7",""10212196529.663360942536581847""
"13460506","0xc944e90c64b2c07662a292be6244bdf05cda44a7",""10212284732.499882719731350635""
"13467152","0xc944e90c64b2c07662a292be6244bdf05cda44a7",""10212745218.077911154509634863""
"13473798","0xc944e90c64b2c07662a292be6244bdf05cda44a7",""10213606687.833500443568234787""
"13480444","0xc944e90c64b2c07662a292be6244bdf05cda44a7",""10214242618.33749076975458749""
"13487090","0xc944e90c64b2c07662a292be6244bdf05cda44a7",""10216229195.964730260232093747""
"13493736","0xc944e90c64b2c07662a292be6244bdf05cda44a7",""10216945880.884416851604419355""
"13500382","0xc944e90c64b2c07662a292be6244bdf05cda44a7",""10218187520.008308393152737375""
"13507028","0xc944e90c64b2c07662a292be6244bdf05cda44a7",""10219825232.330104144241882591""
"13513674","0xc944e90c64b2c07662a292be6244bdf05cda44a7",""10220530675.888153541269977183""
"13520320","0xc944e90c64b2c07662a292be6244bdf05cda44a7",""10221405423.508917157634441416""
"13526966","0xc944e90c64b2c07662a292be6244bdf05cda44a7",""10221583992.915009098663354263""
"13533612","0xc944e90c64b2c07662a292be6244bdf05cda44a7",""10221857676.29318633379231485""
"13540258","0xc944e90c64b2c07662a292be6244bdf05cda44a7",""10223271454.387361634069508327""
"13546904","0xc944e90c64b2c07662a292be6244bdf05cda44a7",""10224230627.443776977903837979""
"13553550","0xc944e90c64b2c07662a292be6244bdf05cda44a7",""10224735028.15936766882701408""
"13560196","0xc944e90c64b2c07662a292be6244bdf05cda44a7",""10225030982.819474567916237257""
"13566842","0xc944e90c64b2c07662a292be6244bdf05cda44a7",""10225780291.290946126156099601""
"13573488","0xc944e90c64b2c07662a292be6244bdf05cda44a7",""10225961810.651635802192557298""
"13580134","0xc944e90c64b2c07662a292be6244bdf05cda44a7",""10228078208.692158034921606797""
"13586780","0xc944e90c64b2c07662a292be6244bdf05cda44a7",""10228400250.264076211763537034""
"13593426","0xc944e90c64b2c07662a292be6244bdf05cda44a7",""10228745597.343229634136611577""
"13600072","0xc944e90c64b2c07662a292be6244bdf05cda44a7",""10228840882.135182671086463108""
"13606718","0xc944e90c64b2c07662a292be6244bdf05cda44a7",""10228979759.502546536010798168""
"13613364","0xc944e90c64b2c07662a292be6244bdf05cda44a7",""10229310775.773057928974986387""
"13620010","0xc944e90c64b2c07662a292be6244bdf05cda44a7",""10229650600.175149358466818354""
"13626656","0xc944e90c64b2c07662a292be6244bdf05cda44a7",""10231898006.849742873718023321""
"13633302","0xc944e90c64b2c07662a292be6244bdf05cda44a7",""10234975910.307089361554314915""
"13639948","0xc944e90c64b2c07662a292be6244bdf05cda44a7",""10235831120.310448326850492974""
"13646594","0xc944e90c64b2c07662a292be6244bdf05cda44a7",""10236468073.842214668656760562""
"13653240","0xc944e90c64b2c07662a292be6244bdf05cda44a7",""10237501932.497146930045042435""
"13659886","0xc944e90c64b2c07662a292be6244bdf05cda44a7",""10237677395.868499821170048127""
"13666532","0xc944e90c64b2c07662a292be6244bdf05cda44a7",""10237917178.147383332071279326""
"13673178","0xc944e90c64b2c07662a292be6244bdf05cda44a7",""10238425100.575857076029078089""
"13679824","0xc944e90c64b2c07662a292be6244bdf05cda44a7",""10240285613.427426943259978398""
"13686470","0xc944e90c64b2c07662a292be6244bdf05cda44a7",""10240366111.227022461453379308""
"13693116","0xc944e90c64b2c07662a292be6244bdf05cda44a7",""10241014958.094194473884593308""
"13699762","0xc944e90c64b2c07662a292be6244bdf05cda44a7",""10241163644.727449000899887394""
"13706408","0xc944e90c64b2c07662a292be6244bdf05cda44a7",""10241300069.584555703638383852""
"13713054","0xc944e90c64b2c07662a292be6244bdf05cda44a7",""10243329166.7273994389518873""
"13719700","0xc944e90c64b2c07662a292be6244bdf05cda44a7",""10245992164.329125800661369566""
"13726346","0xc944e90c64b2c07662a292be6244bdf05cda44a7",""10246234961.552757041300940303""
"13732992","0xc944e90c64b2c07662a292be6244bdf05cda44a7",""10247506827.186840703353812844""
"13739638","0xc944e90c64b2c07662a292be6244bdf05cda44a7",""10247359959.191780814091651841""
"13746284","0xc944e90c64b2c07662a292be6244bdf05cda44a7",""10247652812.89226262006628419""
"13752930","0xc944e90c64b2c07662a292be6244bdf05cda44a7",""10248146554.32053891050286258""
"13759576","0xc944e90c64b2c07662a292be6244bdf05cda44a7",""10248212974.238541617416544099""
"13766222","0xc944e90c64b2c07662a292be6244bdf05cda44a7",""10248854292.771254353362729933""
"13772868","0xc944e90c64b2c07662a292be6244bdf05cda44a7",""10250328619.63570307436063978""
"13779514","0xc944e90c64b2c07662a292be6244bdf05cda44a7",""10250369745.70933956822655808""
"13786160","0xc944e90c64b2c07662a292be6244bdf05cda44a7",""10250657039.606682838510010415""
"13792806","0xc944e90c64b2c07662a292be6244bdf05cda44a7",""10250794819.725336622937908474""
"13799452","0xc944e90c64b2c07662a292be6244bdf05cda44a7",""10251756422.978797687035266304""
"13806098","0xc944e90c64b2c07662a292be6244bdf05cda44a7",""10253629244.113705177763930928""
"13812744","0xc944e90c64b2c07662a292be6244bdf05cda44a7",""10253949863.936211265458745971""
"13819390","0xc944e90c64b2c07662a292be6244bdf05cda44a7",""10255399248.018531623260817176""
"13826036","0xc944e90c64b2c07662a292be6244bdf05cda44a7",""10257235161.153410630129614657""
"13832682","0xc944e90c64b2c07662a292be6244bdf05cda44a7",""10257490331.143237578188966554""
"13839328","0xc944e90c64b2c07662a292be6244bdf05cda44a7",""10257757037.280337508015423643""
"13845974","0xc944e90c64b2c07662a292be6244bdf05cda44a7",""10257964000.193852522851997838""
"13852620","0xc944e90c64b2c07662a292be6244bdf05cda44a7",""10258637210.084991513637675105""
"13859266","0xc944e90c64b2c07662a292be6244bdf05cda44a7",""10259545488.332931271091104357""
"13865912","0xc944e90c64b2c07662a292be6244bdf05cda44a7",""10261088176.818813427897586287""
"13872558","0xc944e90c64b2c07662a292be6244bdf05cda44a7",""10261887773.929192770323164591""
"13879204","0xc944e90c64b2c07662a292be6244bdf05cda44a7",""10261924203.491904161350101899""
"13885850","0xc944e90c64b2c07662a292be6244bdf05cda44a7",""10262085457.02055791957210038""
"13892496","0xc944e90c64b2c07662a292be6244bdf05cda44a7",""10263171883.812098304672646127""
"13899142","0xc944e90c64b2c07662a292be6244bdf05cda44a7",""10264650519.238863988190032975""
"13905788","0xc944e90c64b2c07662a292be6244bdf05cda44a7",""10264675236.6023201889802352""
"13912434","0xc944e90c64b2c07662a292be6244bdf05cda44a7",""10267119109.762174504607232415""
"13919080","0xc944e90c64b2c07662a292be6244bdf05cda44a7",""10267846740.612903780271496584""
"13925726","0xc944e90c64b2c07662a292be6244bdf05cda44a7",""10267929419.321681183688036849""
"13932372","0xc944e90c64b2c07662a292be6244bdf05cda44a7",""10267984540.459529863440666585""
"13939018","0xc944e90c64b2c07662a292be6244bdf05cda44a7",""10268305240.707300516516606656""
"13945664","0xc944e90c64b2c07662a292be6244bdf05cda44a7",""10268377802.195305177652838758""
"13952310","0xc944e90c64b2c07662a292be6244bdf05cda44a7",""10269191443.851703488784856549""
"13958956","0xc944e90c64b2c07662a292be6244bdf05cda44a7",""10270437662.309323836240767434""
"13965602","0xc944e90c64b2c07662a292be6244bdf05cda44a7",""10270552897.54714912115864278""
"13972248","0xc944e90c64b2c07662a292be6244bdf05cda44a7",""10270791779.104995711202483048""
"13978894","0xc944e90c64b2c07662a292be6244bdf05cda44a7",""10271592400.418874941896987532""
"13985540","0xc944e90c64b2c07662a292be6244bdf05cda44a7",""10272650527.53656257623538775""
"13992186","0xc944e90c64b2c07662a292be6244bdf05cda44a7",""10272756267.460754530273195427""
"13998832","0xc944e90c64b2c07662a292be6244bdf05cda44a7",""10273248348.30714265494975487""
"14005478","0xc944e90c64b2c07662a292be6244bdf05cda44a7",""10275678330.456214559801806088""
"14012124","0xc944e90c64b2c07662a292be6244bdf05cda44a7",""10278621274.924001703743447611""
"14018770","0xc944e90c64b2c07662a292be6244bdf05cda44a7",""10278811734.220335347570759446""
"14025416","0xc944e90c64b2c07662a292be6244bdf05cda44a7",""10278941565.287487242456086817""
"14032062","0xc944e90c64b2c07662a292be6244bdf05cda44a7",""10279076014.695654551753366795""
"14038708","0xc944e90c64b2c07662a292be6244bdf05cda44a7",""10280482870.386632578091647271""
"14045354","0xc944e90c64b2c07662a292be6244bdf05cda44a7",""10281825969.928409757912649471""
"14052000","0xc944e90c64b2c07662a292be6244bdf05cda44a7",""10282385209.463918449070197087""
"14058646","0xc944e90c64b2c07662a292be6244bdf05cda44a7",""10282415283.613716563699014131""
"14065292","0xc944e90c64b2c07662a292be6244bdf05cda44a7",""10282615219.727554337133444846""
"14071938","0xc944e90c64b2c07662a292be6244bdf05cda44a7",""10283251694.160366051839064741""
"14078584","0xc944e90c64b2c07662a292be6244bdf05cda44a7",""10283832436.65491183117598397""
"14085230","0xc944e90c64b2c07662a292be6244bdf05cda44a7",""10284303453.601047421030355279""
"14091876","0xc944e90c64b2c07662a292be6244bdf05cda44a7",""10285262543.032723410345500635""
"14098522","0xc944e90c64b2c07662a292be6244bdf05cda44a7",""10286404126.45720558930209381""
"14105168","0xc944e90c64b2c07662a292be6244bdf05cda44a7",""10286866831.28034585564916693""
"14111814","0xc944e90c64b2c07662a292be6244bdf05cda44a7",""10287164420.157109418825471338""
"14118460","0xc944e90c64b2c07662a292be6244bdf05cda44a7",""10288072003.72912655571285725""
"14125106","0xc944e90c64b2c07662a292be6244bdf05cda44a7",""10288998184.316116242873656158""
"14131752","0xc944e90c64b2c07662a292be6244bdf05cda44a7",""10289546081.230652220707040899""
"14138398","0xc944e90c64b2c07662a292be6244bdf05cda44a7",""10289703379.584048188404455991""
"14145044","0xc944e90c64b2c07662a292be6244bdf05cda44a7",""10289982023.346928014913931934""
"14151690","0xc944e90c64b2c07662a292be6244bdf05cda44a7",""10290160186.837931218297113773""
"14158336","0xc944e90c64b2c07662a292be6244bdf05cda44a7",""10290551564.391820600470232387""
"14164982","0xc944e90c64b2c07662a292be6244bdf05cda44a7",""10290774751.962829853145503925""
"14171628","0xc944e90c64b2c07662a292be6244bdf05cda44a7",""10291315903.069982458834597332""
"14178274","0xc944e90c64b2c07662a292be6244bdf05cda44a7",""10294807244.409253590061803375""
"14184920","0xc944e90c64b2c07662a292be6244bdf05cda44a7",""10295530101.584885376522362726""
"14191566","0xc944e90c64b2c07662a292be6244bdf05cda44a7",""10295853236.481183968190012167""
"14198212","0xc944e90c64b2c07662a292be6244bdf05cda44a7",""10297156352.061327116327149394""
"14204858","0xc944e90c64b2c07662a292be6244bdf05cda44a7",""10298577539.541054958795950155""
"14211504","0xc944e90c64b2c07662a292be6244bdf05cda44a7",""10301249820.506185713229410376""
"14218150","0xc944e90c64b2c07662a292be6244bdf05cda44a7",""10303011462.992853659809084709""
"14224796","0xc944e90c64b2c07662a292be6244bdf05cda44a7",""10304842625.276958582296399076""
"14231442","0xc944e90c64b2c07662a292be6244bdf05cda44a7",""10306412467.28822437315982307""
"14238088","0xc944e90c64b2c07662a292be6244bdf05cda44a7",""10306446816.549866881903951786""
"14244734","0xc944e90c64b2c07662a292be6244bdf05cda44a7",""10306623765.466574636077827825""
"14251380","0xc944e90c64b2c07662a292be6244bdf05cda44a7",""10306733920.245482240926765212""
"14258026","0xc944e90c64b2c07662a292be6244bdf05cda44a7",""10307385726.721839031287991217""
"14264672","0xc944e90c64b2c07662a292be6244bdf05cda44a7",""10307534631.848331920896422046""
"14271318","0xc944e90c64b2c07662a292be6244bdf05cda44a7",""10307742188.576163681663677596""
"14277964","0xc944e90c64b2c07662a292be6244bdf05cda44a7",""10308230415.906412182741144786""
"14284610","0xc944e90c64b2c07662a292be6244bdf05cda44a7",""10308753957.52724970968159286""
"14291256","0xc944e90c64b2c07662a292be6244bdf05cda44a7",""10308815122.114061075233325334""
"14297902","0xc944e90c64b2c07662a292be6244bdf05cda44a7",""10310161208.145130954814996259""
"14304548","0xc944e90c64b2c07662a292be6244bdf05cda44a7",""10310441780.420071214814157857""
"14311194","0xc944e90c64b2c07662a292be6244bdf05cda44a7",""10310846741.327669454035747171""
"14317840","0xc944e90c64b2c07662a292be6244bdf05cda44a7",""10313162263.349546776961629769""
"14324486","0xc944e90c64b2c07662a292be6244bdf05cda44a7",""10313458229.980615529002680195""
"14331132","0xc944e90c64b2c07662a292be6244bdf05cda44a7",""10313649625.01556624430733023""
"14337778","0xc944e90c64b2c07662a292be6244bdf05cda44a7",""10313844541.609525463598754089""
"14344424","0xc944e90c64b2c07662a292be6244bdf05cda44a7",""10314640734.323656917754213045""
"14351070","0xc944e90c64b2c07662a292be6244bdf05cda44a7",""10315414106.913636837776507117""
"14357716","0xc944e90c64b2c07662a292be6244bdf05cda44a7",""10315997725.390712199146956947""
"14364362","0xc944e90c64b2c07662a292be6244bdf05cda44a7",""10316448241.781780663623511718""
"14371008","0xc944e90c64b2c07662a292be6244bdf05cda44a7",""10317667776.279840487253292592""
"14377654","0xc944e90c64b2c07662a292be6244bdf05cda44a7",""10317757160.114716213738630775""
"14384300","0xc944e90c64b2c07662a292be6244bdf05cda44a7",""10322172566.256425740607586003""
"14390946","0xc944e90c64b2c07662a292be6244bdf05cda44a7",""10324391644.382459782728214045""
"14397592","0xc944e90c64b2c07662a292be6244bdf05cda44a7",""10324759491.2389359009187541""
"14404238","0xc944e90c64b2c07662a292be6244bdf05cda44a7",""10327021354.295901083694850018""
"14410884","0xc944e90c64b2c07662a292be6244bdf05cda44a7",""10327181868.285313607151641569""
"14417530","0xc944e90c64b2c07662a292be6244bdf05cda44a7",""10328054092.003062491332062196""
"14424176","0xc944e90c64b2c07662a292be6244bdf05cda44a7",""10328112490.173507731041424374""
"14430822","0xc944e90c64b2c07662a292be6244bdf05cda44a7",""10328787623.181611169641697322""
"14437468","0xc944e90c64b2c07662a292be6244bdf05cda44a7",""10329202445.037492833993485752""
"14444114","0xc944e90c64b2c07662a292be6244bdf05cda44a7",""10329915568.521190182651299673""
"14450760","0xc944e90c64b2c07662a292be6244bdf05cda44a7",""10330029916.563733803413506547""
"14457406","0xc944e90c64b2c07662a292be6244bdf05cda44a7",""10330546247.973718143304550002""
"14464052","0xc944e90c64b2c07662a292be6244bdf05cda44a7",""10330753789.970506815622848321""
"14470698","0xc944e90c64b2c07662a292be6244bdf05cda44a7",""10331064438.698724570337576374""
"14477344","0xc944e90c64b2c07662a292be6244bdf05cda44a7",""10331248432.848661672676649606""
"14483990","0xc944e90c64b2c07662a292be6244bdf05cda44a7",""10331595301.032235717532929849""
"14490636","0xc944e90c64b2c07662a292be6244bdf05cda44a7",""10331943937.001319854982396426""
"14497282","0xc944e90c64b2c07662a292be6244bdf05cda44a7",""10333049367.739562334639950793""
"14503928","0xc944e90c64b2c07662a292be6244bdf05cda44a7",""10333299249.249087661161106322""
"14510574","0xc944e90c64b2c07662a292be6244bdf05cda44a7",""10334119163.226397669869180674""
"14517220","0xc944e90c64b2c07662a292be6244bdf05cda44a7",""10334384347.257359783485185965""
"14523866","0xc944e90c64b2c07662a292be6244bdf05cda44a7",""10334823143.659973673953751892""
"14530512","0xc944e90c64b2c07662a292be6244bdf05cda44a7",""10338102418.010602602265008218""
"14537158","0xc944e90c64b2c07662a292be6244bdf05cda44a7",""10339449781.679872188128638651""
"14543804","0xc944e90c64b2c07662a292be6244bdf05cda44a7",""10342212115.502320492673869963""
"14550450","0xc944e90c64b2c07662a292be6244bdf05cda44a7",""10343313707.212861620864392729""
"14557096","0xc944e90c64b2c07662a292be6244bdf05cda44a7",""10343361352.746831750547981045""
"14563742","0xc944e90c64b2c07662a292be6244bdf05cda44a7",""10344077742.683271355062406171""
"14570388","0xc944e90c64b2c07662a292be6244bdf05cda44a7",""10344978514.649839361408314913""
"14577034","0xc944e90c64b2c07662a292be6244bdf05cda44a7",""10345301432.750069721123415078""
"14583680","0xc944e90c64b2c07662a292be6244bdf05cda44a7",""10346434336.548124667270855746""
"14590326","0xc944e90c64b2c07662a292be6244bdf05cda44a7",""10347170174.169493230309832917""
"14596972","0xc944e90c64b2c07662a292be6244bdf05cda44a7",""10347380317.526821799413497448""
"14603618","0xc944e90c64b2c07662a292be6244bdf05cda44a7",""10347460643.470097831327822595""
"14610264","0xc944e90c64b2c07662a292be6244bdf05cda44a7",""10348153247.222055617352755524""
"14616910","0xc944e90c64b2c07662a292be6244bdf05cda44a7",""10349045425.983146126202148224""
"14623556","0xc944e90c64b2c07662a292be6244bdf05cda44a7",""10349315095.245598966079976351""
"14630202","0xc944e90c64b2c07662a292be6244bdf05cda44a7",""10349364792.126977016052881109""
"14636848","0xc944e90c64b2c07662a292be6244bdf05cda44a7",""10349890304.166928295061509748""
"14643494","0xc944e90c64b2c07662a292be6244bdf05cda44a7",""10350278252.737787018668143169""
"14650140","0xc944e90c64b2c07662a292be6244bdf05cda44a7",""10350311722.87980306742429489""
"14656786","0xc944e90c64b2c07662a292be6244bdf05cda44a7",""10350946613.90851887205626393""
"14663432","0xc944e90c64b2c07662a292be6244bdf05cda44a7",""10351391773.875816812847093372""
"14670078","0xc944e90c64b2c07662a292be6244bdf05cda44a7",""10351690407.794155085279852213""
"14676724","0xc944e90c64b2c07662a292be6244bdf05cda44a7",""10352535829.923054766812907806""
"14683370","0xc944e90c64b2c07662a292be6244bdf05cda44a7",""10356728969.566600798373979204""
"14690016","0xc944e90c64b2c07662a292be6244bdf05cda44a7",""10356936023.958234421866000592""
"14696662","0xc944e90c64b2c07662a292be6244bdf05cda44a7",""10356996686.859683212919660176""
"14703308","0xc944e90c64b2c07662a292be6244bdf05cda44a7",""10357639598.012284001245419672""
"14709954","0xc944e90c64b2c07662a292be6244bdf05cda44a7",""10358523331.613431612478872491""
"14716600","0xc944e90c64b2c07662a292be6244bdf05cda44a7",""10361790009.131697864119589558""
"14723246","0xc944e90c64b2c07662a292be6244bdf05cda44a7",""10362143321.14088590991269205""
"14729892","0xc944e90c64b2c07662a292be6244bdf05cda44a7",""10363299193.358437099077865856""
"14736538","0xc944e90c64b2c07662a292be6244bdf05cda44a7",""10363412227.701748737615238273""
"14743184","0xc944e90c64b2c07662a292be6244bdf05cda44a7",""10363698366.612626838641015233""
"14749830","0xc944e90c64b2c07662a292be6244bdf05cda44a7",""10364544354.198255426886550898""
"14756476","0xc944e90c64b2c07662a292be6244bdf05cda44a7",""10366051406.945767229536833926""
"14763122","0xc944e90c64b2c07662a292be6244bdf05cda44a7",""10366229061.287068457077073662""
"14769768","0xc944e90c64b2c07662a292be6244bdf05cda44a7",""10368779269.782703775274161691""
"14776414","0xc944e90c64b2c07662a292be6244bdf05cda44a7",""10369092729.042230672850376193""
"14783060","0xc944e90c64b2c07662a292be6244bdf05cda44a7",""10369174468.286935463929713581""
"14789706","0xc944e90c64b2c07662a292be6244bdf05cda44a7",""10370523998.622231837343772024""
"14796352","0xc944e90c64b2c07662a292be6244bdf05cda44a7",""10370780327.632442910764981606""
"14802998","0xc944e90c64b2c07662a292be6244bdf05cda44a7",""10371429733.289187217751683102""
"14809644","0xc944e90c64b2c07662a292be6244bdf05cda44a7",""10371645918.981852033816527914""
"14816290","0xc944e90c64b2c07662a292be6244bdf05cda44a7",""10371792047.406586580486324782""
"14822936","0xc944e90c64b2c07662a292be6244bdf05cda44a7",""10371886718.047364268505155738""
"14829582","0xc944e90c64b2c07662a292be6244bdf05cda44a7",""10372255613.470805167299594791""
"14836228","0xc944e90c64b2c07662a292be6244bdf05cda44a7",""10372429646.613091096409301855""
"14842874","0xc944e90c64b2c07662a292be6244bdf05cda44a7",""10375872122.528160876914716724""
"14849520","0xc944e90c64b2c07662a292be6244bdf05cda44a7",""10376691323.797726414889707098""
