,epoch,signalledTokens,stakeDeposited,endBlock,cumulative_tokens,total_supply,signalled_total
0,1,0.0,1.0,11460060,1.0,1.0,0.0
1,3,0.0,213757.3,11473352,213757.3,213758.3,0.0
2,4,24491.945010383446,7232677.5,11479998,7257169.445010384,7470927.745010383,24491.945010383446
3,5,0.0,4811951.387635351,11486644,4811951.387635351,12282879.132645734,24491.945010383446
4,6,0.0,5822988.209524603,11493290,5822988.209524603,18105867.342170335,24491.945010383446
5,7,0.0,1092685.0308388122,11499936,1092685.0308388122,19198552.37300915,24491.945010383446
6,8,0.0,2530255.1127469274,11506582,2530255.1127469274,21728807.485756077,24491.945010383446
7,9,0.0,723615.368814526,11513228,723615.368814526,22452422.8545706,24491.945010383446
8,10,0.0,1067063.81102195,11519874,1067063.81102195,23519486.66559255,24491.945010383446
9,11,0.0,883017.1692986218,11526520,883017.1692986218,24402503.834891174,24491.945010383446
10,12,0.0975,22187.215044191962,11533166,22187.312544191962,24424691.147435367,24492.042510383446
11,13,0.0,168269.41111070622,11539812,168269.41111070622,24592960.558546074,24492.042510383446
12,14,0.0,22660.316238507075,11546458,22660.316238507075,24615620.87478458,24492.042510383446
13,15,0.0,206061.8833120117,11553104,206061.8833120117,24821682.758096594,24492.042510383446
14,16,0.0,395262.16168530926,11559750,395262.16168530926,25216944.919781905,24492.042510383446
15,17,0.0,343586.87148732494,11566396,343586.87148732494,25560531.791269228,24492.042510383446
16,18,0.0,50870.15275594475,11573042,50870.15275594475,25611401.944025174,24492.042510383446
17,19,0.0,153265.6426147579,11579688,153265.6426147579,25764667.586639933,24492.042510383446
18,20,0.0,32907.412985604235,11586334,32907.412985604235,25797574.999625538,24492.042510383446
19,21,0.0,34051.25341262892,11592980,34051.25341262892,25831626.253038168,24492.042510383446
20,22,0.0,32474.47030747038,11599626,32474.47030747038,25864100.723345637,24492.042510383446
21,23,0.0,185714.3720420951,11606272,185714.3720420951,26049815.09538773,24492.042510383446
22,24,0.0,242221.1580283486,11612918,242221.1580283486,26292036.25341608,24492.042510383446
23,25,0.0,28317.410822684866,11619564,28317.410822684866,26320353.664238766,24492.042510383446
24,26,0.0,13411285.082709841,11626210,13411285.082709841,39731638.74694861,24492.042510383446
25,27,0.0,151792.04384054977,11632856,151792.04384054977,39883430.79078916,24492.042510383446
26,28,0.0,22129.28644354977,11639502,22129.28644354977,39905560.0772327,24492.042510383446
27,29,0.0,113842.94808117475,11646148,113842.94808117475,40019403.02531388,24492.042510383446
28,30,0.0,40703.62040334369,11652794,40703.62040334369,40060106.64571722,24492.042510383446
29,31,0.0,86171.1174854214,11659440,86171.1174854214,40146277.76320264,24492.042510383446
30,32,0.0,54912.24079978868,11666086,54912.24079978868,40201190.00400243,24492.042510383446
31,33,0.0,25897.040683174575,11672732,25897.040683174575,40227087.0446856,24492.042510383446
32,34,0.0,227101.03012286974,11679378,227101.03012286974,40454188.07480847,24492.042510383446
33,35,0.0,7925.295953820291,11686024,7925.295953820291,40462113.37076229,24492.042510383446
34,36,0.0,21699.347705646,11692670,21699.347705646,40483812.718467936,24492.042510383446
35,37,195.0,16890.905081137782,11699316,17085.905081137782,40500898.623549074,24687.042510383446
36,38,0.0,21283.842731318557,11705962,21283.842731318557,40522182.46628039,24687.042510383446
37,39,19.5,10484.144294147642,11712608,10503.644294147642,40532686.11057454,24706.542510383446
38,40,0.0,12812.060336866987,11719254,12812.060336866987,40545498.17091141,24706.542510383446
39,41,0.0,91186.5124281953,11725900,91186.5124281953,40636684.6833396,24706.542510383446
40,42,0.0,295938.0812315575,11732546,295938.0812315575,40932622.76457116,24706.542510383446
41,43,0.0,13054.826479518732,11739192,13054.826479518732,40945677.59105068,24706.542510383446
42,44,0.0,1522238.7963219217,11745838,1522238.7963219217,42467916.3873726,24706.542510383446
43,45,0.0,7884.624692287719,11752484,7884.624692287719,42475801.01206489,24706.542510383446
44,46,0.0,46229.08445334307,11759130,46229.08445334307,42522030.09651823,24706.542510383446
45,47,0.0,16270.643061892153,11765776,16270.643061892153,42538300.739580125,24706.542510383446
46,48,0.0,35453.47141990253,11772422,35453.47141990253,42573754.211000025,24706.542510383446
47,49,0.0,19026.025440846588,11779068,19026.025440846588,42592780.236440875,24706.542510383446
48,50,0.0,7227.543676206685,11785714,7227.543676206685,42600007.78011708,24706.542510383446
49,51,0.0,8695.553144773136,11792360,8695.553144773136,42608703.333261855,24706.542510383446
50,52,0.0,13234.397916415803,11799006,13234.397916415803,42621937.73117827,24706.542510383446
51,53,0.0,69342.60215076705,11805652,69342.60215076705,42691280.33332904,24706.542510383446
52,54,0.0,129398.89308435083,11812298,129398.89308435083,42820679.226413384,24706.542510383446
53,55,0.0,11000.075495338426,11818944,11000.075495338426,42831679.301908724,24706.542510383446
54,56,0.0,5067.9511229607115,11825590,5067.9511229607115,42836747.253031686,24706.542510383446
55,57,0.0,9749.734944783395,11832236,9749.734944783395,42846496.98797647,24706.542510383446
56,58,0.0,33025.02504301458,11838882,33025.02504301458,42879522.01301949,24706.542510383446
57,59,0.0,132095.9918192206,11845528,132095.9918192206,43011618.004838705,24706.542510383446
58,60,0.0,40927.07285699436,11852174,40927.07285699436,43052545.0776957,24706.542510383446
59,61,0.0,83449.89749208625,11858820,83449.89749208625,43135994.975187786,24706.542510383446
60,62,0.0,15615.344925791953,11865466,15615.344925791953,43151610.32011358,24706.542510383446
61,63,0.0,251031.55881390907,11872112,251031.55881390907,43402641.878927484,24706.542510383446
62,64,0.0,16547.461440252086,11878758,16547.461440252086,43419189.340367734,24706.542510383446
63,65,0.0,11419.10236633,11885404,11419.10236633,43430608.44273406,24706.542510383446
64,66,0.0,4808.629166538564,11892050,4808.629166538564,43435417.0719006,24706.542510383446
65,67,0.0,83871.02321845647,11898696,83871.02321845647,43519288.09511905,24706.542510383446
66,68,0.0,7005.535523121493,11905342,7005.535523121493,43526293.630642176,24706.542510383446
67,69,0.0,10576.759957793569,11911988,10576.759957793569,43536870.390599966,24706.542510383446
68,70,0.0,15726691.101577027,11918634,15726691.101577027,59263561.492176995,24706.542510383446
69,71,0.0,12445.529746277405,11925280,12445.529746277405,59276007.021923274,24706.542510383446
70,72,0.0,10027.22946843818,11931926,10027.22946843818,59286034.25139171,24706.542510383446
71,73,0.0,4274437.541990881,11938572,4274437.541990881,63560471.79338259,24706.542510383446
72,74,0.0,57312.78225043677,11945218,57312.78225043677,63617784.57563303,24706.542510383446
73,75,0.0,13741.96309836609,11951864,13741.96309836609,63631526.538731396,24706.542510383446
74,76,0.0,25858.538378998855,11958510,25858.538378998855,63657385.077110395,24706.542510383446
75,77,0.0,7511.569357453629,11965156,7511.569357453629,63664896.64646785,24706.542510383446
76,78,0.0,127141.99601761866,11971802,127141.99601761866,63792038.64248547,24706.542510383446
77,79,0.0,17433.43243135229,11978448,17433.43243135229,63809472.074916825,24706.542510383446
78,80,0.0,60911.215811756556,11985094,60911.215811756556,63870383.290728584,24706.542510383446
79,81,0.0,71804.92625637054,11991740,71804.92625637054,63942188.21698496,24706.542510383446
80,82,0.0,25640.653187123706,11998386,25640.653187123706,63967828.87017208,24706.542510383446
81,83,0.0,37061.716340221836,12005032,37061.716340221836,64004890.586512305,24706.542510383446
82,84,0.0,140155.61528429878,12011678,140155.61528429878,64145046.201796606,24706.542510383446
83,85,0.0,1012153.2818150593,12018324,1012153.2818150593,65157199.483611666,24706.542510383446
84,86,0.0,77470.91804123909,12024970,77470.91804123909,65234670.4016529,24706.542510383446
85,87,0.0,172274.0925641297,12031616,172274.0925641297,65406944.49421703,24706.542510383446
86,88,0.0,93659.01266129396,12038262,93659.01266129396,65500603.506878324,24706.542510383446
87,89,0.0,574002.4134180624,12044908,574002.4134180624,66074605.920296386,24706.542510383446
88,90,0.0,25857.169325227685,12051554,25857.169325227685,66100463.08962161,24706.542510383446
89,91,0.0,2708219.97343776,12058200,2708219.97343776,68808683.06305937,24706.542510383446
90,92,0.0,377358.52723988175,12064846,377358.52723988175,69186041.59029926,24706.542510383446
91,93,0.0,31960.758488471016,12071492,31960.758488471016,69218002.34878774,24706.542510383446
92,94,0.0,150120.83566714963,12078138,150120.83566714963,69368123.18445489,24706.542510383446
93,95,0.0,134875.33813030235,12084784,134875.33813030235,69502998.52258518,24706.542510383446
94,96,0.0,203741.14628242998,12091430,203741.14628242998,69706739.66886762,24706.542510383446
95,97,0.0,20111.399374632485,12098076,20111.399374632485,69726851.06824225,24706.542510383446
96,98,0.0,38119.972330704535,12104722,38119.972330704535,69764971.04057296,24706.542510383446
97,99,0.0,20645.243475660067,12111368,20645.243475660067,69785616.28404862,24706.542510383446
98,100,0.0,19948.770938083442,12118014,19948.770938083442,69805565.0549867,24706.542510383446
99,101,0.0,19796.705627417363,12124660,19796.705627417363,69825361.76061411,24706.542510383446
100,102,0.0,70136.60867605868,12131306,70136.60867605868,69895498.36929017,24706.542510383446
101,103,0.0,18525.155060447585,12137952,18525.155060447585,69914023.52435061,24706.542510383446
102,104,0.0,19080.34378682966,12144598,19080.34378682966,69933103.86813745,24706.542510383446
103,105,0.0,19873.318249213735,12151244,19873.318249213735,69952977.18638666,24706.542510383446
104,106,0.0,6639.815759835796,12157890,6639.815759835796,69959617.0021465,24706.542510383446
105,107,0.0,15784.702660141149,12164536,15784.702660141149,69975401.70480664,24706.542510383446
106,108,0.0,44270.4857120046,12171182,44270.4857120046,70019672.19051865,24706.542510383446
107,109,0.0,14804.411477954598,12177828,14804.411477954598,70034476.6019966,24706.542510383446
108,110,0.0,5171.439422877808,12184474,5171.439422877808,70039648.04141948,24706.542510383446
109,111,0.0,8319.417660486595,12191120,8319.417660486595,70047967.45907997,24706.542510383446
110,112,0.0,22022.142736047117,12197766,22022.142736047117,70069989.60181601,24706.542510383446
111,113,0.0,14686.256457272118,12204412,14686.256457272118,70084675.85827328,24706.542510383446
112,114,0.0975,508057.81953593885,12211058,508057.9170359388,70592733.77530922,24706.640010383446
113,115,0.0,27603.192112235458,12217704,27603.192112235458,70620336.96742146,24706.640010383446
114,116,0.0,10748.593680019012,12224350,10748.593680019012,70631085.56110148,24706.640010383446
115,117,0.0,779.5672619453967,12230996,779.5672619453967,70631865.12836343,24706.640010383446
116,118,0.0,18312.29610575417,12237642,18312.29610575417,70650177.42446919,24706.640010383446
117,119,0.0,8522.922214096829,12244288,8522.922214096829,70658700.34668328,24706.640010383446
118,120,0.0,10402.474982754788,12250934,10402.474982754788,70669102.82166603,24706.640010383446
119,121,0.0,19713.557511641164,12257580,19713.557511641164,70688816.37917767,24706.640010383446
120,122,0.0,5397.871274177031,12264226,5397.871274177031,70694214.25045185,24706.640010383446
121,123,0.0,5098.838874565871,12270872,5098.838874565871,70699313.08932641,24706.640010383446
122,124,0.0,1464.1525669254142,12277518,1464.1525669254142,70700777.24189334,24706.640010383446
123,125,0.0,10484.661128106478,12284164,10484.661128106478,70711261.90302144,24706.640010383446
124,126,0.0,40441.09120007692,12290810,40441.09120007692,70751702.99422152,24706.640010383446
125,127,0.0,134159.1209749822,12297456,134159.1209749822,70885862.11519651,24706.640010383446
126,128,0.0,100747.80448237197,12304102,100747.80448237197,70986609.91967888,24706.640010383446
127,129,0.0,1527.8329015881593,12310748,1527.8329015881593,70988137.75258046,24706.640010383446
128,130,7488.0975,12112.15135721582,12317394,19600.248857215818,71007738.00143768,32194.737510383446
129,131,113911.2975,24583.09768425053,12324040,138494.39518425052,71146232.39662193,146106.03501038344
130,132,144442.6425,326834.14078585984,12330686,471276.78328585986,71617509.17990778,290548.6775103834
131,133,0.0,4329.525808268734,12337332,4329.525808268734,71621838.70571606,290548.6775103834
132,134,0.0,847199.2501200982,12343978,847199.2501200982,72469037.95583616,290548.6775103834
133,135,0.0,1216.983036906197,12350624,1216.983036906197,72470254.93887307,290548.6775103834
134,136,0.0,1149.8782981293382,12357270,1149.8782981293382,72471404.8171712,290548.6775103834
135,137,0.0,1924.1251188672036,12363916,1924.1251188672036,72473328.94229007,290548.6775103834
136,138,0.0,9567.33006395553,12370562,9567.33006395553,72482896.27235402,290548.6775103834
137,139,0.0,1713.3051450025966,12377208,1713.3051450025966,72484609.57749902,290548.6775103834
138,140,0.0,32691.359052574284,12383854,32691.359052574284,72517300.93655159,290548.6775103834
139,141,0.0,204506.41843439784,12390500,204506.41843439784,72721807.35498598,290548.6775103834
140,142,0.0,172.17077432918904,12397146,172.17077432918904,72721979.52576031,290548.6775103834
141,143,0.0,13834623.371237997,12403792,13834623.371237997,86556602.8969983,290548.6775103834
142,144,0.0,14.366782747211557,12410438,14.366782747211557,86556617.26378106,290548.6775103834
143,145,0.0,14905.945547478355,12417084,14905.945547478355,86571523.20932853,290548.6775103834
144,146,0.0,654.4763564441988,12423730,654.4763564441988,86572177.68568498,290548.6775103834
145,147,0.0,19986.007702806288,12430376,19986.007702806288,86592163.69338779,290548.6775103834
146,148,10398.375,30876.01524654263,12437022,41274.39024654263,86633438.08363433,300947.0525103834
147,149,0.0,1130.9025419307802,12443668,1130.9025419307802,86634568.98617627,300947.0525103834
148,150,0.0,233.13725031832197,12450314,233.13725031832197,86634802.12342659,300947.0525103834
149,151,0.0,298.30166514193496,12456960,298.30166514193496,86635100.42509173,300947.0525103834
150,152,0.0,20061.237166312156,12463606,20061.237166312156,86655161.66225804,300947.0525103834
151,153,0.0,28734.503202756165,12470252,28734.503202756165,86683896.1654608,300947.0525103834
152,154,0.0,1009.1577656564831,12476898,1009.1577656564831,86684905.32322645,300947.0525103834
153,155,0.0,76.15697749667034,12483544,76.15697749667034,86684981.48020394,300947.0525103834
154,156,0.0,1602.7724201965711,12490190,1602.7724201965711,86686584.25262414,300947.0525103834
155,157,0.0,1173.3257227728295,12496836,1173.3257227728295,86687757.57834691,300947.0525103834
156,158,0.0,5.359057294020196,12503482,5.359057294020196,86687762.9374042,300947.0525103834
157,159,0.0,18734.619046889282,12510128,18734.619046889282,86706497.5564511,300947.0525103834
158,160,0.0,776.7927279981831,12516774,776.7927279981831,86707274.34917909,300947.0525103834
159,161,0.0,58708.02332377541,12523420,58708.02332377541,86765982.37250286,300947.0525103834
160,162,0.0,23523.036396139847,12530066,23523.036396139847,86789505.40889901,300947.0525103834
161,163,0.0,6585.272914266301,12536712,6585.272914266301,86796090.68181327,300947.0525103834
162,164,0.0,371.2708374507947,12543358,371.2708374507947,86796461.95265073,300947.0525103834
163,165,0.0,900.7476173600937,12550004,900.7476173600937,86797362.70026809,300947.0525103834
164,166,0.0,31303.140654099883,12556650,31303.140654099883,86828665.84092219,300947.0525103834
165,167,0.0,719.3203153043864,12563296,719.3203153043864,86829385.1612375,300947.0525103834
166,168,11302.320846222843,3404695.9662902737,12569942,3415998.2871364965,90245383.44837399,312249.3733566063
167,169,0.0,122574.57225705657,12576588,122574.57225705657,90367958.02063105,312249.3733566063
168,170,0.0,15.630147832726601,12583234,15.630147832726601,90367973.65077887,312249.3733566063
169,171,0.0,75.96308334955611,12589880,75.96308334955611,90368049.61386223,312249.3733566063
170,172,0.0,10269.781509263035,12596526,10269.781509263035,90378319.3953715,312249.3733566063
171,173,10520.444184854463,15914.343862813645,12603172,26434.78804766811,90404754.18341917,322769.81754146074
172,174,0.0,123016.06078193506,12609818,123016.06078193506,90527770.24420111,322769.81754146074
173,175,0.0,3794.671804839493,12616464,3794.671804839493,90531564.91600595,322769.81754146074
174,176,0.0,6679.719722552179,12623110,6679.719722552179,90538244.63572851,322769.81754146074
175,177,0.0,5890.63401180665,12629756,5890.63401180665,90544135.26974031,322769.81754146074
176,178,0.0,76698.1733451173,12636402,76698.1733451173,90620833.44308543,322769.81754146074
177,179,0.0,1526.6163802562069,12643048,1526.6163802562069,90622360.05946569,322769.81754146074
178,180,0.0,3190.9010925189323,12649694,3190.9010925189323,90625550.9605582,322769.81754146074
179,181,0.0,362.34374187692083,12656340,362.34374187692083,90625913.30430008,322769.81754146074
180,182,0.0,32508.360089946607,12662986,32508.360089946607,90658421.66439003,322769.81754146074
181,183,0.0,57.00614105507437,12669632,57.00614105507437,90658478.67053108,322769.81754146074
182,184,0.0,1490.6200247227287,12676278,1490.6200247227287,90659969.2905558,322769.81754146074
183,185,0.0,95.59213238733344,12682924,95.59213238733344,90660064.8826882,322769.81754146074
184,186,0.0,413.3905666867326,12689570,413.3905666867326,90660478.27325489,322769.81754146074
185,187,0.0,264398.96034993074,12696216,264398.96034993074,90924877.23360482,322769.81754146074
186,188,0.0,6898.740003711213,12702862,6898.740003711213,90931775.97360852,322769.81754146074
187,189,0.0,430.6454172156361,12709508,430.6454172156361,90932206.61902574,322769.81754146074
188,190,0.0,5738.45775670578,12716154,5738.45775670578,90937945.07678245,322769.81754146074
189,191,11161.042612368119,5302.666893228242,12722800,16463.709505596362,90954408.78628805,333930.86015382886
190,192,0.0,2122.5667137434616,12729446,2122.5667137434616,90956531.3530018,333930.86015382886
191,193,0.0,4573.45863296004,12736092,4573.45863296004,90961104.81163476,333930.86015382886
192,194,0.0,69211.44902704508,12742738,69211.44902704508,91030316.26066181,333930.86015382886
193,195,0.0,72.31978135301733,12749384,72.31978135301733,91030388.58044316,333930.86015382886
194,196,0.0,119.43010285184717,12756030,119.43010285184717,91030508.01054601,333930.86015382886
195,197,0.0,0.03770869571417583,12762676,0.03770869571417583,91030508.04825471,333930.86015382886
196,198,0.0,141.724817606561,12769322,141.724817606561,91030649.77307232,333930.86015382886
197,199,0.0,0.0,12775968,0.0,91030649.77307232,333930.86015382886
198,200,0.0,1137.683537144946,12782614,1137.683537144946,91031787.45660946,333930.86015382886
199,201,114082.71793880602,15668.774065525624,12789260,129751.49200433164,91161538.9486138,448013.5780926349
200,202,155536.16691030268,5679.013795930223,12795906,161215.1807062329,91322754.12932003,603549.7450029376
201,203,29899.97267101984,959.3215412418524,12802552,30859.294212261695,91353613.42353229,633449.7176739575
202,204,21715.005475608566,4335.048276142638,12809198,26050.053751751206,91379663.47728404,655164.723149566
203,205,162526.15519552116,4260.353481425808,12815844,166786.50867694698,91546449.98596099,817690.8783450872
204,206,43531.15966129966,400533.2046617314,12822490,444064.36432303104,91990514.35028403,861222.0380063868
205,207,19730.414415935247,49856.6710406512,12829136,69587.08545658644,92060101.4357406,880952.4524223221
206,208,11693.387755873318,500294.4281424016,12835782,511987.81589827494,92572089.25163887,892645.8401781954
207,209,16910.820616505764,11529.820568884474,12842428,28440.64118539024,92600529.89282426,909556.6607947012
208,210,8018.253339862723,368.84614919858797,12849074,8387.099489061311,92608916.99231333,917574.9141345639
209,211,5666.145815981691,722.4632973748883,12855720,6388.60911335658,92615305.60142668,923241.0599505455
210,212,37087.114530659666,1148.3266142518269,12862366,38235.44114491149,92653541.04257159,960328.1744812052
211,213,32720.06180190022,1032.146843178512,12869012,33752.20864507873,92687293.25121666,993048.2362831054
212,214,58428.688332686994,30183.91941052112,12875658,88612.60774320812,92775905.85895987,1051476.9246157925
213,215,32601.64849205933,6567.505687344363,12882304,39169.15417940369,92815075.01313928,1084078.573107852
214,216,47242.97369353346,33533.85532621468,12888950,80776.82901974814,92895851.84215903,1131321.5468013855
215,217,13099.72167982391,6234.464748376413,12895596,19334.186428200323,92915186.02858724,1144421.2684812094
216,218,11011.811420968717,1715.1440948786221,12902242,12726.95551584734,92927912.98410308,1155433.0799021781
217,219,44996.9913645859,1259.7790840628993,12908888,46256.7704486488,92974169.75455174,1200430.071266764
218,220,68178.79080269668,10317.67436740431,12915534,78496.46517010099,93052666.21972184,1268608.8620694608
219,221,60049.51596532296,58450.699534895575,12922180,118500.21550021853,93171166.43522206,1328658.3780347838
220,222,23604.67998367774,18515.011052725942,12928826,42119.69103640368,93213286.12625846,1352263.0580184616
221,223,5537.649132754688,2.1347271642724763,12935472,5539.783859918961,93218825.91011839,1357800.7071512162
222,224,1876.14375,356.4611903158634,12942118,2232.604940315863,93221058.5150587,1359676.8509012163
223,225,21380.118692669126,17.02591436468771,12948764,21397.144607033813,93242455.65966573,1381056.9695938854
224,226,18543.859800049067,10298.28683358692,12955410,28842.146633635988,93271297.80629937,1399600.8293939345
225,227,11621.92315156326,213.1959332445399,12962056,11835.1190848078,93283132.92538418,1411222.7525454976
226,228,4459.111231475029,28792.946362881048,12968702,33252.057594356076,93316384.98297854,1415681.8637769728
227,229,3226.80161517027,14984.25946080683,12975348,18211.0610759771,93334596.04405451,1418908.665392143
228,230,7406.170867734039,399.6077797313704,12981994,7805.778647465409,93342401.82270198,1426314.836259877
229,231,2446.1486771911423,192.4616801686887,12988640,2638.610357359831,93345040.43305933,1428760.9849370683
230,232,40427.525386714224,1708.1048262048946,12995286,42135.63021291912,93387176.06327225,1469188.5103237825
231,233,5855.313769244782,580.41765415868,13001932,6435.731423403462,93393611.79469566,1475043.8240930273
232,234,4098.400805093904,4736.754776215057,13008578,8835.155581308962,93402446.95027697,1479142.224898121
233,235,8646.658855100497,2467.666392020962,13015224,11114.325247121458,93413561.2755241,1487788.8837532215
234,236,43539.615805837275,21954.40091143042,13021870,65494.016717267696,93479055.29224136,1531328.4995590588
235,237,1248.2863882567767,551.812869884555,13028516,1800.0992581413316,93480855.3914995,1532576.7859473156
236,238,354.5366189145168,19942.728250867898,13035162,20297.264869782415,93501152.65636928,1532931.32256623
237,239,1342.195175059001,1038.651703794368,13041808,2380.846878853369,93503533.50324814,1534273.517741289
238,240,5947.9483406416375,385.8909686435605,13048454,6333.839309285198,93509867.34255743,1540221.4660819306
239,241,3942.5774521884327,31942.767663929775,13055100,35885.34511611821,93545752.68767355,1544164.043534119
240,242,7694.637878687906,27358.13935450213,13061746,35052.777233190034,93580805.46490674,1551858.6814128067
241,243,1807.9697661863793,1695697.6147282533,13068392,1697505.5844944397,95278311.04940118,1553666.651178993
242,244,487.90990271956923,2370.4840836831745,13075038,2858.393986402744,95281169.44338758,1554154.5610817126
243,245,451.9125,502.2697039272455,13081684,954.1822039272455,95282123.62559152,1554606.4735817127
244,246,50.92835197515,1765.7062507171775,13088330,1816.6346026923275,95283940.26019421,1554657.4019336877
245,247,1374.75,22730.747584474502,13094976,24105.497584474502,95308045.75777869,1556032.1519336877
246,248,599.0331895087677,3366.2377399499587,13101622,3965.2709294587266,95312011.02870815,1556631.1851231966
247,249,3332.6171442521586,183.28818949082387,13108268,3515.9053337429823,95315526.93404189,1559963.8022674487
248,250,1717.4207363882442,82.79880639479076,13114914,1800.219542783035,95317327.15358467,1561681.223003837
249,251,401.334375,0.3315052241886847,13121560,401.6658802241887,95317728.81946489,1562082.5573788371
250,252,124.00728495807091,10615.37248633334,13128206,10739.37977129141,95328468.19923618,1562206.5646637953
251,253,4181.60635413183,4.574073757615869,13134852,4186.180427889446,95332654.37966408,1566388.1710179271
252,254,0.0,14949.145305332026,13141498,14949.145305332026,95347603.52496941,1566388.1710179271
253,255,770.8539105533075,33546.245147041176,13148144,34317.09905759448,95381920.62402701,1567159.0249284804
254,256,4967.763394566358,23073.175384790735,13154790,28040.938779357093,95409961.56280637,1572126.7883230466
255,257,1438.737217348719,0.0,13161436,1438.737217348719,95411400.30002372,1573565.5255403954
256,258,2357.1826302706318,0.016437737074431233,13168082,2357.199068007706,95413757.49909173,1575922.7081706661
257,259,2560.3986754029306,2162.748221425762,13174728,4723.146896828693,95418480.64598855,1578483.106846069
258,260,2291.25,68.77579633004781,13181374,2360.025796330048,95420840.67178488,1580774.356846069
259,261,838.5,0.006915334102252829,13188020,838.5069153341022,95421679.17870021,1581612.856846069
260,262,1023.6524999999999,4001.442997067013,13194666,5025.095497067013,95426704.27419728,1582636.509346069
261,263,13155.87169226239,2891.8542406429483,13201312,16047.725932905338,95442752.00013019,1595792.3810383314
262,264,113.9879777934505,354.5468714003653,13207958,468.53484919381583,95443220.53497939,1595906.3690161249
263,265,106.89796066268111,4331.102236838689,13214604,4438.00019750137,95447658.53517689,1596013.2669767875
264,266,42.207750000000004,0.04020405033817034,13221250,42.24795405033817,95447700.78313094,1596055.4747267875
265,267,429.04387499999996,10200.613166641404,13227896,10629.657041641403,95458330.44017258,1596484.5186017875
266,268,305.175,15005.588534171597,13234542,15310.763534171596,95473641.20370676,1596789.6936017876
267,269,666.4125,245.90251411505812,13241188,912.3150141150581,95474553.51872087,1597456.1061017876
268,270,487.34209377165,47.27274991333905,13247834,534.6148436849891,95475088.13356455,1597943.4481955592
269,271,700.05,2626.978464729906,13254480,3327.028464729906,95478415.16202928,1598643.4981955593
270,272,1213.778768168347,207.0370208905988,13261126,1420.8157890589457,95479835.97781834,1599857.2769637275
271,273,2096.25,44318.05652954032,13267772,46414.30652954032,95526250.28434788,1601953.5269637275
272,274,101.28982993163633,10476.523345450243,13274418,10577.81317538188,95536828.09752326,1602054.8167936592
273,275,1342.4763105449138,3704.2377795517145,13281064,5046.714090096628,95541874.81161335,1603397.293104204
274,276,657.375238648706,1970.4799971872021,13287710,2627.8552358359084,95544502.66684918,1604054.6683428527
275,277,6495.999758115804,49726.28357752803,13294356,56222.283335643835,95600724.95018482,1610550.6681009685
276,278,1998.7499999999998,7894.975494340604,13301002,9893.725494340604,95610618.67567916,1612549.4181009685
277,279,1333.0862729693242,5056.603068771042,13307648,6389.689341740366,95617008.3650209,1613882.5043739378
278,280,144.421875,4764.357561963077,13314294,4908.779436963077,95621917.14445786,1614026.9262489378
279,281,2820.790351461373,17739.708779263005,13320940,20560.499130724376,95642477.64358859,1616847.7166003992
280,282,1600.67281743525,6048.303409818183,13327586,7648.9762272534335,95650126.61981584,1618448.3894178346
281,283,1431.974063559008,50915.958723151765,13334232,52347.93278671077,95702474.55260256,1619880.3634813935
282,284,10.8225,750.5626802578823,13340878,761.3851802578823,95703235.93778282,1619891.1859813936
283,285,1044.0946546875,1.327172203253034,13347524,1045.421826890753,95704281.35960971,1620935.280636081
284,286,623.7742193215706,2126.4690295095993,13354170,2750.2432488311697,95707031.60285854,1621559.0548554026
285,287,62.4,901.7342140550613,13360816,964.1342140550613,95707995.7370726,1621621.4548554025
286,288,0.0,34.1256494927767,13367462,34.1256494927767,95708029.8627221,1621621.4548554025
287,289,433.34209975943827,21248.615736192558,13374108,21681.957835951995,95729711.82055806,1622054.796955162
288,290,0.0,3916.92613694809,13380754,3916.92613694809,95733628.746695,1622054.796955162
289,291,339.35143607270504,2458.4446914153314,13387400,2797.7961274880363,95736426.54282248,1622394.1483912347
290,292,538.1522249999999,7178.001661660209,13394046,7716.153886660209,95744142.69670914,1622932.3006162348
291,293,117.4875,14071.86532457117,13400692,14189.35282457117,95758332.04953371,1623049.7881162348
292,294,1019.0115813367489,2581.4669645633817,13407338,3600.4785459001305,95761932.52807961,1624068.7996975717
293,295,0.0,15663.166853716484,13413984,15663.166853716484,95777595.69493333,1624068.7996975717
294,296,591.7639588096882,463.0575383201955,13420630,1054.8214971298837,95778650.51643045,1624660.5636563813
295,297,7832.229643064654,415.67117179520585,13427276,8247.90081485986,95786898.41724531,1632492.7932994459
296,298,7914.336216260127,1776.6245672850653,13433922,9690.960783545192,95796589.37802885,1640407.129515706
297,299,7376.854923312646,251.59024198934856,13440568,7628.445165301994,95804217.82319416,1647783.9844390186
298,300,0.0,19004.787825131614,13447214,19004.787825131614,95823222.6110193,1647783.9844390186
299,301,0.1782,38.163007212130424,13453860,38.34120721213042,95823260.9522265,1647784.1626390186
300,302,148.5,3.028112250766924,13460506,151.52811225076692,95823412.48033875,1647932.6626390186
301,303,406.098,2304.3006597630456,13467152,2710.3986597630455,95826122.87899852,1648338.7606390186
302,304,7659.524324051736,29034.923787813852,13473798,36694.44811186559,95862817.32711038,1655998.2849630704
303,305,149.10389999999998,26088.451870475797,13480444,26237.555770475796,95889054.88288085,1656147.3888630704
304,306,1462.2329016122546,2491.5684743024017,13487090,3953.801375914656,95893008.68425676,1657609.6217646827
305,307,750.6292474791578,9.28380062891223,13493736,759.91304810807,95893768.59730487,1658360.2510121618
306,308,3484.602,9826.141779275682,13500382,13310.743779275683,95907079.34108414,1661844.8530121618
307,309,0.0,25504.46086663074,13507028,25504.46086663074,95932583.80195077,1661844.8530121618
308,310,384.0582250976446,23623.801366669617,13513674,24007.85959176726,95956591.66154253,1662228.9112372594
309,311,347.86306601164245,4214.127374588501,13520320,4561.990440600143,95961153.65198314,1662576.774303271
310,312,92.310075,1857.2251632687505,13526966,1949.5352382687506,95963103.18722141,1662669.084378271
311,313,19798.711085925708,8663.175574899798,13533612,28461.886660825505,95991565.07388224,1682467.7954641967
312,314,40273.73032312427,34470.24189760352,13540258,74743.9722207278,96066309.04610297,1722741.525787321
313,315,255.42000000000002,112.42327700993425,13546904,367.84327700993424,96066676.88937998,1722996.9457873208
314,316,69.3,10828.761952778865,13553550,10898.061952778864,96077574.95133276,1723066.245787321
315,317,0.396,299.9144871488596,13560196,300.31048714885964,96077875.26181991,1723066.6417873208
316,318,21443.7426080245,4196.600615038936,13566842,25640.343223063435,96103515.60504298,1744510.3843953453
317,319,480.69314235207946,4914.785164764102,13573488,5395.478307116181,96108911.08335009,1744991.0775376975
318,320,1261.8694076570923,11332.484359179727,13580134,12594.353766836819,96121505.43711694,1746252.9469453546
319,321,99.0,1348.2974820768645,13586780,1447.2974820768645,96122952.73459901,1746351.9469453546
320,322,418.95645175328127,998.43743756201,13593426,1417.3938893152913,96124370.12848832,1746770.903397108
321,323,299.40605968858483,83.87977242842634,13600072,383.2858321170112,96124753.41432044,1747070.3094567966
322,324,206.51399999999998,705.8626755373152,13606718,912.3766755373152,96125665.79099597,1747276.8234567966
323,325,123.232514625,1541.6323724755066,13613364,1664.8648871005066,96127330.65588307,1747400.0559714215
324,326,132.86606020313454,297.8996900794633,13620010,430.7657502825979,96127761.42163336,1747532.9220316247
325,327,11.484,19882.804219885114,13626656,19894.288219885115,96147655.70985325,1747544.4060316246
326,328,106.734282001875,30215.92165087546,13633302,30322.655932877336,96177978.36578612,1747651.1403136265
327,329,5445.823861008369,3249.038399772484,13639948,8694.862260780854,96186673.2280469,1753096.9641746348
328,330,1075.7172293959027,46383.8626843825,13646594,47459.5799137784,96234132.80796067,1754172.6814040306
329,331,499.11738363413247,36976.33717905579,13653240,37475.45456268992,96271608.26252337,1754671.7987876649
330,332,0.0,0.0,13659886,0.0,96271608.26252337,1754671.7987876649
331,333,0.0,0.0,13666532,0.0,96271608.26252337,1754671.7987876649
332,334,91.29091468283022,2047.7699874431314,13673178,2139.0609021259615,96273747.32342549,1754763.0897023478
333,335,10.084239,3329.854910989437,13679824,3339.939149989437,96277087.26257548,1754773.1739413477
334,336,1186.2063788290943,2.5112154247091887,13686470,1188.7175942538036,96278275.98016973,1755959.380320177
335,337,205.52257713376386,21343.739546392204,13693116,21549.26212352597,96299825.24229325,1756164.9028973107
336,338,104.26530643020301,2304.836167263944,13699762,2409.101473694147,96302234.34376694,1756269.1682037408
337,339,687.1755209895834,718.767640440761,13706408,1405.9431614303444,96303640.28692837,1756956.3437247304
338,340,1216.71,1788.4224748540062,13713054,3005.1324748540064,96306645.41940323,1758173.0537247304
339,341,2227.5,40243.80925844118,13719700,42471.30925844118,96349116.72866167,1760400.5537247304
340,342,99.0,8818.728257649342,13726346,8917.728257649342,96358034.45691933,1760499.5537247304
341,343,9874.496381113258,18764.603581714055,13732992,28639.099962827313,96386673.55688216,1770374.0501058437
342,344,148.5,338.26401868357846,13739638,486.76401868357846,96387160.32090084,1770522.5501058437
343,345,39.501,90.62738262675607,13746284,130.12838262675606,96387290.44928347,1770562.0511058436
344,346,99.0,14.407934501425714,13752930,113.40793450142571,96387403.85721797,1770661.0511058436
345,347,1574.0010000000002,211.06142446999255,13759576,1785.0624244699927,96389188.91964243,1772235.0521058436
346,348,841.5,3038.8539614444576,13766222,3880.3539614444576,96393069.27360387,1773076.5521058436
347,349,342.936,38.55809422150703,13772868,381.494094221507,96393450.7676981,1773419.4881058435
348,350,600.3091779699992,9.951332280125706,13779514,610.2605102501249,96394061.02820835,1774019.7972838136
349,351,1124.3686441256248,278.5192235624073,13786160,1402.8878676880322,96395463.91607603,1775144.1659279391
350,352,675.493646022145,0.0,13792806,675.493646022145,96396139.40972206,1775819.6595739613
351,353,57.53751597460703,2446.915991894179,13799452,2504.4535078687863,96398643.86322993,1775877.197089936
352,354,24.75,35288.384916141236,13806098,35313.134916141236,96433956.99814607,1775901.947089936
353,355,388.64023336116,3554.24805467078,13812744,3942.88828803194,96437899.88643411,1776290.587323297
354,356,16870.86976840039,186.46507592658858,13819390,17057.33484432698,96454957.22127843,1793161.4570916975
355,357,300.86100000000005,3133.9126519357583,13826036,3434.773651935758,96458391.99493037,1793462.3180916975
356,358,171.26539622060494,609.2493317660457,13832682,780.5147279866505,96459172.50965835,1793633.5834879181
357,359,100.98,0.0,13839328,100.98,96459273.48965836,1793734.563487918
358,360,8.07882273,15500000.07138605,13845974,15500008.15020878,111959281.63986714,1793742.6423106482
359,361,165.09775860322787,4694.238743285365,13852620,4859.3365018885925,111964140.97636902,1793907.7400692515
360,362,3.663,40605.22408084274,13859266,40608.88708084274,112004749.86344987,1793911.4030692514
361,363,204.435,112.02134462013095,13865912,316.45634462013095,112005066.31979449,1794115.8380692515
362,364,18.909,6957.1750262612495,13872558,6976.084026261249,112012042.40382075,1794134.7470692515
363,365,410.9122136806916,0.14769800591942364,13879204,411.05991168661103,112012453.46373244,1794545.6592829323
364,366,511.22943908511377,5127.022308150351,13885850,5638.251747235465,112018091.71547967,1795056.8887220174
365,367,194.00489554428307,7719.061920702357,13892496,7913.066816246641,112026004.78229591,1795250.8936175618
366,368,5.47469827858198,1639.329223083394,13899142,1644.803921361976,112027649.58621727,1795256.3683158404
367,369,0.0,281358.87982687727,13905788,281358.87982687727,112309008.46604414,1795256.3683158404
368,370,28.71,16047.39217569799,13912434,16076.10217569799,112325084.56821984,1795285.0783158403
369,371,562.9991422509984,566.5245394406369,13919080,1129.5236816916354,112326214.09190153,1795848.0774580913
370,372,155.86843121220787,0.0,13925726,155.86843121220787,112326369.96033274,1796003.9458893035
371,373,70.29,15.436364230834544,13932372,85.72636423083455,112326455.68669696,1796074.2358893035
372,374,0.0,0.0,13939018,0.0,112326455.68669696,1796074.2358893035
373,375,0.0,3137.6098220548324,13945664,3137.6098220548324,112329593.29651901,1796074.2358893035
374,376,1.485,210.86120954760676,13952310,212.34620954760678,112329805.64272855,1796075.7208893036
375,377,46.728,58808.46867750876,13958956,58855.196677508764,112388660.83940606,1796122.4488893035
376,378,7.953802191238241,21.600322102501664,13965602,29.554124293739903,112388690.39353035,1796130.4026914947
377,379,270.65468261105076,1536.286107768631,13972248,1806.9407903796816,112390497.33432074,1796401.0573741058
378,380,0.0,3662.411136913718,13978894,3662.411136913718,112394159.74545765,1796401.0573741058
379,381,2624.340527651167,47382.16715032753,13985540,50006.5076779787,112444166.25313562,1799025.397901757
380,382,327.71729910887706,628.9359418587992,13992186,956.6532409676763,112445122.90637659,1799353.1152008658
381,383,118.80826100645022,1798.2267807133865,13998832,1917.0350417198367,112447039.9414183,1799471.9234618722
382,384,2603.626252868865,17235.381456505544,14005478,19839.007709374408,112466878.94912767,1802075.549714741
383,385,424.37238139563567,123.60291049692938,14012124,547.9752918925651,112467426.92441957,1802499.9220961367
384,386,353.132621344187,51.012389993838966,14018770,404.14501133802594,112467831.0694309,1802853.054717481
385,387,575.1776876534133,20883.615055574686,14025416,21458.7927432281,112489289.86217412,1803428.2324051342
386,388,3816.703108155742,7127.214526402099,14032062,10943.917634557842,112500233.77980869,1807244.9355132899
387,389,1438.0804349999999,229.02917703075377,14038708,1667.1096120307536,112501900.88942072,1808683.0159482898
388,390,9.9,5808711.60057399,14045354,5808721.50057399,118310622.38999471,1808692.9159482897
389,391,5889.263617750468,258.2972434408816,14052000,6147.560861191349,118316769.9508559,1814582.1795660402
390,392,0.0,0.0,14058646,0.0,118316769.9508559,1814582.1795660402
391,393,321.18269715895565,16110.598766004721,14065292,16431.781463163676,118333201.73231906,1814903.3622631992
392,394,544.599494999708,2443.06657717246,14071938,2987.666072172168,118336189.39839123,1815447.961758199
393,395,1316.9250489711915,1810.513137486098,14078584,3127.4381864572897,118339316.83657768,1816764.88680717
394,396,0.23733143104989,0.0,14085230,0.23733143104989,118339317.07390912,1816765.1241386011
395,397,0.00297,41202.665372832314,14091876,41202.668342832316,118380519.74225195,1816765.1271086012
396,398,155.63162195404402,18426.4570318674,14098522,18582.088653821447,118399101.83090577,1816920.7587305552
397,399,0.0,0.0,14105168,0.0,118399101.83090577,1816920.7587305552
398,400,111.375,334.0567137004445,14111814,445.4317137004445,118399547.26261947,1817032.1337305552
399,401,350.7078535832142,52421.39741349149,14118460,52772.1052670747,118452319.36788654,1817382.8415841383
400,402,5767.712169511717,1035707.6062449722,14125106,1041475.3184144839,119493794.68630102,1823150.55375365
401,403,99.0,505.62338096192644,14131752,604.6233809619264,119494399.30968198,1823249.55375365
402,404,0.099,227.77974823057258,14138398,227.87874823057257,119494627.1884302,1823249.65275365
403,405,352.76508666529816,12600.792823641787,14145044,12953.557910307085,119507580.74634051,1823602.4178403153
404,406,100.485,0.0,14151690,100.485,119507681.23134051,1823702.9028403154
405,407,562.1256661158226,272.2949338469579,14158336,834.4205999627804,119508515.65194048,1824265.0285064313
406,408,323.03918399952,230.65385657129568,14164982,553.6930405708157,119509069.34498104,1824588.0676904307
407,409,0.0,172.26775322746144,14171628,172.26775322746144,119509241.61273427,1824588.0676904307
408,410,204.3534638442738,0.0,14178274,204.3534638442738,119509445.96619812,1824792.4211542748
409,411,1981.881,4095.177738223814,14184920,6077.058738223814,119515523.02493633,1826774.302154275
410,412,4411.036753248826,10545.674995399817,14191566,14956.711748648642,119530479.73668498,1831185.3389075238
411,413,32.769,0.0,14198212,32.769,119530512.50568497,1831218.1079075239
412,414,103.8659001328091,18445.313168785826,14204858,18549.179068918635,119549061.6847539,1831321.9738076567
413,415,79.1170322291858,0.0,14211504,79.1170322291858,119549140.80178612,1831401.0908398859
414,416,10.819481512058227,4942.234050422025,14218150,4953.0535319340825,119554093.85531805,1831411.910321398
415,417,1528.5586814904623,81171.30939284422,14224796,82699.86807433469,119636793.72339238,1832940.4690028883
416,418,3467.533911772897,50001.46774182318,14231442,53469.001653596075,119690262.72504598,1836408.0029146613
417,419,4042.937541341672,0.0,14238088,4042.937541341672,119694305.66258731,1840450.940456003
418,420,1102.365,86.16972194175447,14244734,1188.5347219417545,119695494.19730926,1841553.305456003
419,421,125.136,15000.0,14251380,15125.136,119710619.33330926,1841678.4414560029
420,422,348.92803499999997,1803.081099277679,14258026,2152.009134277679,119712771.34244354,1842027.369491003
421,423,6.959818690018845,3843.914652356669,14264672,3850.874471046688,119716622.2169146,1842034.329309693
422,424,1552.525156215,6436.18228019876,14271318,7988.70743641376,119724610.924351,1843586.8544659081
423,425,5514.992445854812,38335.289742856854,14277964,43850.282188711666,119768461.20653972,1849101.8469117628
424,426,6.364341737380085,2164.99642954004,14284610,2171.36077127742,119770632.567311,1849108.2112535003
425,427,15.35144273598732,7.98809091558082e-05,14291256,15.351522616896476,119770647.91883361,1849123.5626962362
426,428,2.079,18502.349562784628,14297902,18504.42856278463,119789152.3473964,1849125.641696236
427,429,1299.950329668639,0.0,14304548,1299.950329668639,119790452.29772606,1850425.5920259047
428,430,535.29543414666,6038.179873671068,14311194,6573.475307817728,119797025.77303389,1850960.8874600513
429,431,13.217219171248207,29871.83320189458,14317840,29885.05042106583,119826910.82345495,1850974.1046792227
430,432,32.67000495,12893.312200261349,14324486,12925.982205211349,119839836.80566016,1851006.7746841726
431,433,1313.8303141390663,20.556669613805248,14331132,1334.3869837528716,119841171.19264391,1852320.6049983117
432,434,644.4218761837312,60.52315954954642,14337778,704.9450357332777,119841876.13767964,1852965.0268744954
433,435,7.726648932262561,828.4382763941486,14344424,836.1649253264112,119842712.30260496,1852972.7535234278
434,436,985.0936459354808,671.1471381654311,14351070,1656.240784100912,119844368.54338905,1853957.8471693632
435,437,16244.344873861115,2860.0249431323405,14357716,19104.369816993454,119863472.91320604,1870202.1920432243
436,438,1931.7717677541893,14908.210620457137,14364362,16839.982388211327,119880312.89559425,1872133.9638109785
437,439,4293.516610600757,78483.40923871614,14371008,82776.92584931689,119963089.82144357,1876427.4804215792
438,440,23240.797538528084,76.19052364423099,14377654,23316.988062172317,119986406.80950575,1899668.2779601072
439,441,0.0,3844.7399899639063,14384300,3844.7399899639063,119990251.54949571,1899668.2779601072
440,442,49694.415234545115,3597848.5487415534,14390946,3647542.9639760987,123637794.51347181,1949362.6931946522
441,443,5803.168650304771,2576.488250997068,14397592,8379.65690130184,123646174.17037311,1955165.8618449569
442,444,12448.054156432348,1177.7708886574942,14404238,13625.825045089843,123659799.9954182,1967613.9160013893
443,445,1535.7078146377053,298.80362418623974,14410884,1834.511438823945,123661634.50685702,1969149.623816027
444,446,0.0,1866.4570671870251,14417530,1866.4570671870251,123663500.96392421,1969149.623816027
445,447,54.45,40.74951418824036,14424176,95.19951418824036,123663596.16343841,1969204.073816027
446,448,15958.992198704967,38398.76283853645,14430822,54357.75503724142,123717953.91847566,1985163.066014732
447,449,1386.0,2584.149231135647,14437468,3970.149231135647,123721924.0677068,1986549.066014732
448,450,2799.544238671494,5101.847010964233,14444114,7901.391249635727,123729825.45895644,1989348.6102534034
449,451,13.99763849975505,631.2796906356991,14450760,645.2773291354541,123730470.73628557,1989362.6078919033
450,452,241.3781433872357,689.6450751428844,14457406,931.0232185301201,123731401.7595041,1989603.9860352904
451,453,1509.0256503072562,2090.2509534793403,14464052,3599.2766037865968,123735001.03610788,1991113.0116855977
452,454,20534.798642143498,0.0,14470698,20534.798642143498,123755535.83475003,2011647.8103277413
453,455,1701.1044887187368,340.05735879444825,14477344,2041.161847513185,123757576.99659754,2013348.91481646
454,456,106.92,1172.5557656573906,14483990,1279.4757656573906,123758856.4723632,2013455.83481646
455,457,7283.638957458893,173.7847665769534,14490636,7457.423724035846,123766313.89608724,2020739.4737739188
456,458,5249.3769222567835,16107.828888625922,14497282,21357.205810882704,123787671.10189813,2025988.8506961756
457,459,13.200226875,97.95572708639799,14503928,111.15595396139798,123787782.25785209,2026002.0509230506
458,460,109.291309875,1326.8189824099193,14510574,1436.1102922849193,123789218.36814438,2026111.3422329256
459,461,0.0,33.79449501183202,14517220,33.79449501183202,123789252.1626394,2026111.3422329256
460,462,254.75817666434853,3781.9918894965786,14523866,4036.750066160927,123793288.91270556,2026366.10040959
461,463,990.0000000000001,35280.51406538902,14530512,36270.51406538902,123829559.42677094,2027356.10040959
462,464,141.81929161092,1651.4466072892176,14537158,1793.2658989001375,123831352.69266984,2027497.919701201
463,465,0.0,1128.753483149926,14543804,1128.753483149926,123832481.44615299,2027497.919701201
464,466,19.8,98038.9015765229,14550450,98058.7015765229,123930540.1477295,2027517.719701201
465,467,6.93,79.9378961523151,14557096,86.8678961523151,123930627.01562566,2027524.649701201
466,468,268.5718824101528,406.2591964464855,14563742,674.8310788566382,123931301.84670451,2027793.221583611
467,469,990.9850499999999,360.09093485343243,14570388,1351.0759848534324,123932652.92268936,2028784.2066336111
468,470,1250.3212425,935.7703615862256,14577034,2186.0916040862257,123934839.01429345,2030034.5278761112
469,471,5825.966759669911,15214.28633172536,14583680,21040.253091395272,123955879.26738484,2035860.494635781
470,472,1009.8,10700710.64776104,14590326,10701720.44776104,134657599.7151459,2036870.294635781
471,473,0.0,1059.6040113215606,14596972,1059.6040113215606,134658659.3191572,2036870.294635781
472,474,0.0,85.25261492653352,14603618,85.25261492653352,134658744.57177213,2036870.294635781
473,475,488.9432592,70.68536712532101,14610264,559.628626325321,134659304.20039845,2037359.2378949812
474,476,20.9663074661639,26982.608404671675,14616910,27003.574712137837,134686307.77511057,2037380.2042024473
475,477,1009.2025370977337,8879.756721807578,14623556,9888.959258905312,134696196.7343695,2038389.406739545
476,478,1106.765309592592,169.70556756622503,14630202,1276.470877158817,134697473.20524666,2039496.1720491375
477,479,792.0,3087.977783289101,14636848,3879.977783289101,134701353.18302995,2040288.1720491375
478,480,5916.032925871562,1298.2034939156404,14643494,7214.236419787202,134708567.41944975,2046204.2049750092
479,481,0.0,68.52118779742388,14650140,68.52118779742388,134708635.94063756,2046204.2049750092
480,482,1168.2,426.4174997692403,14656786,1594.6174997692403,134710230.55813733,2047372.4049750092
481,483,835.5600000000001,490.22967532273776,14663432,1325.7896753227378,134711556.34781265,2048207.9649750092
482,484,344.1933,78.06422657212984,14670078,422.25752657212985,134711978.60533923,2048552.1582750091
483,485,21.681,41.354685183315624,14676724,63.03568518331562,134712041.6410244,2048573.8392750092
484,486,2829.1468460438423,990903.9782432213,14683370,993733.1250892652,135705774.76611367,2051402.986121053
485,487,5669.840266242203,7214.975935463579,14690016,12884.816201705782,135718659.5823154,2057072.8263872953
486,488,0.0,0.0,14696662,0.0,135718659.5823154,2057072.8263872953
487,489,3588.962769218993,455.20872916937407,14703308,4044.171498388367,135722703.75381377,2060661.7891565142
488,490,6926.0745742258,1138.6941807234675,14709954,8064.7687549492675,135730768.52256873,2067587.86373074
489,491,188.84420269614768,971.575500379922,14716600,1160.4197030760697,135731928.9422718,2067776.7079334361
490,492,3296.940367035774,1705.4755771791188,14723246,5002.415944214893,135736931.35821602,2071073.648300472
491,493,4320.52693801698,106175.10130938241,14729892,110495.62824739939,135847426.98646343,2075394.175238489
492,494,162.60750000000002,0.0,14736538,162.60750000000002,135847589.5939634,2075556.7827384889
493,495,575.6823376695853,464.32094646658834,14743184,1040.0032841361735,135848629.59724754,2076132.4650761585
494,496,990.0000000000001,10690.587086656158,14749830,11680.587086656158,135860310.1843342,2077122.4650761585
495,497,5072.3704111790785,1126.8260455477418,14756476,6199.1964567268205,135866509.38079092,2082194.8354873376
496,498,99.0,3539.459941287196,14763122,3638.459941287196,135870147.84073222,2082293.8354873376
497,499,5721.095449998859,120942.6397765591,14769768,126663.73522655795,135996811.5759588,2088014.9309373365
498,500,3250.884705500777,26196.489830404968,14776414,29447.374535905743,136026258.9504947,2091265.8156428372
499,501,29.7,104.16072765118506,14783060,133.86072765118504,136026392.81122234,2091295.5156428372
500,502,2302.3426149394277,32805.69900490684,14789706,35108.04161984627,136061500.85284218,2093597.8582577766
501,503,0.0,0.0,14796352,0.0,136061500.85284218,2093597.8582577766
