,id,createdAt,updatedAt,active,migrated,displayName,ownerId,version,subgraphDeploymentId,subgraphid,self_curation,self_curation_name
0,0x93606b27cb5e4c780883ec4f6b7bed5f6572d1dd-0,1608252009,1645807948,False,True,PoolTogether,0x93606b27cb5e4c780883ec4f6b7bed5f6572d1dd,0,0x31edcacc9a53bc8ab4be2eeb0d873409da4c4228cb2d60e4243bd3b4e8af7500,0x93606b27cb5e4c780883ec4f6b7bed5f6572d1dd-0-0,False,True
1,ziL9z9yVvVoksZ5MhyQFNjtspRdxMNDvwtYasUtXCvN,1608252009,1645807948,False,True,PoolTogether,0x93606b27cb5e4c780883ec4f6b7bed5f6572d1dd,0,0x31edcacc9a53bc8ab4be2eeb0d873409da4c4228cb2d60e4243bd3b4e8af7500,ziL9z9yVvVoksZ5MhyQFNjtspRdxMNDvwtYasUtXCvN-0,False,True
2,0x673b6e9fe607f6ddf4a4f25b386b846c5c82995e-0,1619441050,1619790992,False,False,PoolTogether,0x673b6e9fe607f6ddf4a4f25b386b846c5c82995e,0,0x31edcacc9a53bc8ab4be2eeb0d873409da4c4228cb2d60e4243bd3b4e8af7500,0x673b6e9fe607f6ddf4a4f25b386b846c5c82995e-0-0,False,True
3,Gv1rewdMuEeDQ9sWsWMjJfwKWrTxo5e19vgxr1br7Ut4,1619441050,1619790992,False,False,PoolTogether,0x673b6e9fe607f6ddf4a4f25b386b846c5c82995e,0,0x31edcacc9a53bc8ab4be2eeb0d873409da4c4228cb2d60e4243bd3b4e8af7500,Gv1rewdMuEeDQ9sWsWMjJfwKWrTxo5e19vgxr1br7Ut4-0,False,True
4,0x673b6e9fe607f6ddf4a4f25b386b846c5c82995e-1,1619442230,1645807948,False,True,PoolTogether,0x673b6e9fe607f6ddf4a4f25b386b846c5c82995e,0,0xbbde25a2c85f55b53b7698b9476610c3d1202d88870e66502ab0076b7218f98a,0x673b6e9fe607f6ddf4a4f25b386b846c5c82995e-1-0,False,True
5,9a8QGQHhrXwuR8mxi4tZGwUkpSacBdzZokNWMj2Tvdow,1619442230,1645807948,False,True,PoolTogether,0x673b6e9fe607f6ddf4a4f25b386b846c5c82995e,0,0xbbde25a2c85f55b53b7698b9476610c3d1202d88870e66502ab0076b7218f98a,9a8QGQHhrXwuR8mxi4tZGwUkpSacBdzZokNWMj2Tvdow-0,False,True
6,0x673b6e9fe607f6ddf4a4f25b386b846c5c82995e-2,1619482585,1645807948,False,True,PoolTogether,0x673b6e9fe607f6ddf4a4f25b386b846c5c82995e,0,0x666d78959706d7e1ed20befeb1d2c9a4e512a22931d8e22928b1f63ce48fcb40,0x673b6e9fe607f6ddf4a4f25b386b846c5c82995e-2-0,False,True
7,GTdGnzSkRrF4zKzTWiVFrUv6TcXidJphZLnDYWuULtuJ,1619482585,1645807948,False,True,PoolTogether,0x673b6e9fe607f6ddf4a4f25b386b846c5c82995e,0,0x666d78959706d7e1ed20befeb1d2c9a4e512a22931d8e22928b1f63ce48fcb40,GTdGnzSkRrF4zKzTWiVFrUv6TcXidJphZLnDYWuULtuJ-0,False,True
8,0x673b6e9fe607f6ddf4a4f25b386b846c5c82995e-3,1619538687,1619538751,False,False,PoolTogether,0x673b6e9fe607f6ddf4a4f25b386b846c5c82995e,0,0xbae01a063ad846d7e4200757480544b5feb1f0217d94db1db97b48bb7f124dbf,0x673b6e9fe607f6ddf4a4f25b386b846c5c82995e-3-0,False,True
9,5vhK8XAGXiK4zwGPcN2C63TjhAHtqyqoUcS6RGR5H86i,1619538687,1619538751,False,False,PoolTogether,0x673b6e9fe607f6ddf4a4f25b386b846c5c82995e,0,0xbae01a063ad846d7e4200757480544b5feb1f0217d94db1db97b48bb7f124dbf,5vhK8XAGXiK4zwGPcN2C63TjhAHtqyqoUcS6RGR5H86i-0,False,True
10,0x9efbea665b79f366fcbb390a55c617257e0c678c-0,1619553667,1645638939,True,True,RAI Mainnet,0x9efbea665b79f366fcbb390a55c617257e0c678c,2,0x5b83184ead3290c43e0a5524f086595e3ced90af300fbdfcfc07c7b884ebec54,0x9efbea665b79f366fcbb390a55c617257e0c678c-0-2,False,True
11,D4kczV9c2KTC5GArH2M54gs5mGZaigBpsiR7rCwgHqBX,1619553667,1645638939,True,True,RAI Mainnet,0x9efbea665b79f366fcbb390a55c617257e0c678c,2,0x5b83184ead3290c43e0a5524f086595e3ced90af300fbdfcfc07c7b884ebec54,D4kczV9c2KTC5GArH2M54gs5mGZaigBpsiR7rCwgHqBX-2,False,True
12,0x26cf67040678eb0f5654c9cbaad78dc1694cbafa-0,1619557989,1645639205,True,True,mStable Protocol,0x26cf67040678eb0f5654c9cbaad78dc1694cbafa,0,0xa7d9d3a173d3d62ce3d05c2d29f3447b04edc248cbcfdb49b205e14247374947,0x26cf67040678eb0f5654c9cbaad78dc1694cbafa-0-0,False,True
13,HTmE4KFztgBCbs2fdM7ai3jV32nufPs4xqXqfnLU3WRU,1619557989,1645639205,True,True,mStable Protocol,0x26cf67040678eb0f5654c9cbaad78dc1694cbafa,0,0xa7d9d3a173d3d62ce3d05c2d29f3447b04edc248cbcfdb49b205e14247374947,HTmE4KFztgBCbs2fdM7ai3jV32nufPs4xqXqfnLU3WRU-0,False,True
14,0x0a0319671f2d3c18fb55ab555b48bc01f27747a4-0,1619558619,1645639205,True,True,UMA Mainnet Voting,0x0a0319671f2d3c18fb55ab555b48bc01f27747a4,0,0x2aaeb45afa62af1cc8f6d61decd5249429e0aaed67996238adc2bfd396b5f715,0x0a0319671f2d3c18fb55ab555b48bc01f27747a4-0-0,False,True
15,41LCrgtCNBQyDiVVyZEuPxbvkBH9BxxLU3nEZst77V8o,1619558619,1645639205,True,True,UMA Mainnet Voting,0x0a0319671f2d3c18fb55ab555b48bc01f27747a4,0,0x2aaeb45afa62af1cc8f6d61decd5249429e0aaed67996238adc2bfd396b5f715,41LCrgtCNBQyDiVVyZEuPxbvkBH9BxxLU3nEZst77V8o-0,False,True
16,0xfc3ac80003d8a5181e554d03983284e4341a7610-0,1619560579,1645639205,True,True,Opyn Gamma Mainnet,0xfc3ac80003d8a5181e554d03983284e4341a7610,0,0x014e8a3184d5fad198123419a7b54d5f7c9f8a981116462591fbb1a922c39811,0xfc3ac80003d8a5181e554d03983284e4341a7610-0-0,False,True
17,3SJSsXJkTkkDiRT2X3uWFcKaAnvWScLhL3YVL1oFimuF,1619560579,1645639205,True,True,Opyn Gamma Mainnet,0xfc3ac80003d8a5181e554d03983284e4341a7610,0,0x014e8a3184d5fad198123419a7b54d5f7c9f8a981116462591fbb1a922c39811,3SJSsXJkTkkDiRT2X3uWFcKaAnvWScLhL3YVL1oFimuF-0,False,True
18,0xd6ce4c87ec3fb6e80d87ff5fa7c5ec8fdefadf5c-0,1619561533,1647824645,True,True,DODOEX V2,0xd6ce4c87ec3fb6e80d87ff5fa7c5ec8fdefadf5c,2,0x969f6c63e40c58d6836ce6afb2b71417e34c86e50bacf5d3d4c3aa2fa81c5c17,0xd6ce4c87ec3fb6e80d87ff5fa7c5ec8fdefadf5c-0-2,False,True
19,GxV9XL6Wnjz75z919NPNdrLhEkqDR99PweUY3oh7Lh94,1619561533,1647824645,True,True,DODOEX V2,0xd6ce4c87ec3fb6e80d87ff5fa7c5ec8fdefadf5c,2,0x969f6c63e40c58d6836ce6afb2b71417e34c86e50bacf5d3d4c3aa2fa81c5c17,GxV9XL6Wnjz75z919NPNdrLhEkqDR99PweUY3oh7Lh94-2,False,True
20,0x0503024fcc5e1bd834530e69d592dbb6e8c03968-0,1619561806,1645639205,True,True,Omen,0x0503024fcc5e1bd834530e69d592dbb6e8c03968,0,0x31f6fb67c823a07a93bae6b022798eebdf86210033c0e97a1402795c0c2fa99b,0x0503024fcc5e1bd834530e69d592dbb6e8c03968-0-0,False,True
21,9V1aHHwkK4uPWgBH6ZLzwqFEkoHTHPS7XHKyjZWe8tEf,1619561806,1645639205,True,True,Omen,0x0503024fcc5e1bd834530e69d592dbb6e8c03968,0,0x31f6fb67c823a07a93bae6b022798eebdf86210033c0e97a1402795c0c2fa99b,9V1aHHwkK4uPWgBH6ZLzwqFEkoHTHPS7XHKyjZWe8tEf-0,False,True
22,0x819fd65026848d710fe40d8c0439f1220e069398-0,1619562060,1645638939,True,True,Audius Network Mainnet,0x819fd65026848d710fe40d8c0439f1220e069398,1,0xc064c354bc21dd958b1d41b67b8ef161b75d2246b425f68ed4c74964ae705cbd,0x819fd65026848d710fe40d8c0439f1220e069398-0-1,False,True
23,CptFsHp6zar7kdfGYbVAqMeF1wNA1pJs6GaaJvPgeCfu,1619562060,1645638939,True,True,Audius Network Mainnet,0x819fd65026848d710fe40d8c0439f1220e069398,1,0xc064c354bc21dd958b1d41b67b8ef161b75d2246b425f68ed4c74964ae705cbd,CptFsHp6zar7kdfGYbVAqMeF1wNA1pJs6GaaJvPgeCfu-1,False,True
24,0xcb30a985b5a998e96b09f1cd5d7b61d405a5a032-0,1619562552,1645639205,True,True,Enzyme Finance,0xcb30a985b5a998e96b09f1cd5d7b61d405a5a032,1,0x4810cc7741423cec7e44fc7ec7a479e521453cbf090e74b6186d3a2264588fe5,0xcb30a985b5a998e96b09f1cd5d7b61d405a5a032-0-1,False,True
25,9MDH6TTFm2KZWbo1dBhyktQ7WkWWAbVRSF6Eg65mu9z9,1619562552,1645639205,True,True,Enzyme Finance,0xcb30a985b5a998e96b09f1cd5d7b61d405a5a032,1,0x4810cc7741423cec7e44fc7ec7a479e521453cbf090e74b6186d3a2264588fe5,9MDH6TTFm2KZWbo1dBhyktQ7WkWWAbVRSF6Eg65mu9z9-1,False,True
26,0xb31aa1f312595af94f184c5791dc03d6af12fbff-0,1619563484,1645638939,True,True,Livepeer,0xb31aa1f312595af94f184c5791dc03d6af12fbff,0,0xbbde25a2c85f55b53b7698b9476610c3d1202d88870e66502ab0076b7218f98a,0xb31aa1f312595af94f184c5791dc03d6af12fbff-0-0,False,True
27,FDD65maya4xVfPnCjSgDRBz6UBWKAcmGtgY6BmUueJCg,1619563484,1645638939,True,True,Livepeer,0xb31aa1f312595af94f184c5791dc03d6af12fbff,0,0xbbde25a2c85f55b53b7698b9476610c3d1202d88870e66502ab0076b7218f98a,FDD65maya4xVfPnCjSgDRBz6UBWKAcmGtgY6BmUueJCg-0,False,True
28,0x9923c163412e70abf1861562e226ccddc69f9429-0,1619564255,1645638939,True,True,PoolTogether v3_1_0,0x9923c163412e70abf1861562e226ccddc69f9429,0,0x4a008334f8e7ea21be223d15462084f51abcc0e6625f61de806b8456e67e603e,0x9923c163412e70abf1861562e226ccddc69f9429-0-0,False,True
29,6v8a77TMhCrSECtSdTAAitCnrqg7cqHuYSDfwoFLhDe2,1619564255,1645638939,True,True,PoolTogether v3_1_0,0x9923c163412e70abf1861562e226ccddc69f9429,0,0x4a008334f8e7ea21be223d15462084f51abcc0e6625f61de806b8456e67e603e,6v8a77TMhCrSECtSdTAAitCnrqg7cqHuYSDfwoFLhDe2-0,False,True
36,0x9bde7bf4d5b13ef94373ced7c8ee0be59735a298-1,1625772818,1645640578,True,True,Uniswap V3,0x9bde7bf4d5b13ef94373ced7c8ee0be59735a298,0,0xea0081b34c9d8ae0c52c2131711f093d33bd6efb8638f0a5bbc3da0a08462a46,0x9bde7bf4d5b13ef94373ced7c8ee0be59735a298-1-0,False,True
37,2x1zbcjLiHYb5pz4n6ULjJAsKLLKgNB1jcBHxjj6UKKm,1625772818,1645640578,True,True,Uniswap V3,0x9bde7bf4d5b13ef94373ced7c8ee0be59735a298,0,0xea0081b34c9d8ae0c52c2131711f093d33bd6efb8638f0a5bbc3da0a08462a46,2x1zbcjLiHYb5pz4n6ULjJAsKLLKgNB1jcBHxjj6UKKm-0,False,True
48,0xb4ed960387e67f5354e29ea2dbc31e1ad2de8ff0-1,1625778614,1645639991,True,True,Bzzaar,0xb4ed960387e67f5354e29ea2dbc31e1ad2de8ff0,1,0x48016f4e170edd34080ab9385c3845f8cb62275e4fde63243dc381e1a5027713,0xb4ed960387e67f5354e29ea2dbc31e1ad2de8ff0-1-1,False,True
49,FPMxkMhLotXiJC5XpQbqzLKmT1rre24NAmQ9bAAYPfrQ,1625778614,1645639991,True,True,Bzzaar,0xb4ed960387e67f5354e29ea2dbc31e1ad2de8ff0,1,0x48016f4e170edd34080ab9385c3845f8cb62275e4fde63243dc381e1a5027713,FPMxkMhLotXiJC5XpQbqzLKmT1rre24NAmQ9bAAYPfrQ-1,False,True
52,0xc18d03a8be67cb08c01434861dc561a70c4b3aa8-0,1625791934,1645807948,False,True,Sushiswap - Exchange,0xc18d03a8be67cb08c01434861dc561a70c4b3aa8,2,0x3a58c651d725002d73537e44bc940763ee1647329f5dbcaf2c74a0831e16a270,0xc18d03a8be67cb08c01434861dc561a70c4b3aa8-0-2,False,True
53,8faFtzhUW3vdQjxX3LjxR8mMPppSbr3oo6djCQwbhp2R,1625791934,1645807948,False,True,Sushiswap - Exchange,0xc18d03a8be67cb08c01434861dc561a70c4b3aa8,2,0x3a58c651d725002d73537e44bc940763ee1647329f5dbcaf2c74a0831e16a270,8faFtzhUW3vdQjxX3LjxR8mMPppSbr3oo6djCQwbhp2R-2,False,True
60,0x369e32aed1dc5c33c85ab20977fb645a803e4a70-0,1625799213,1645640020,True,True,Paraswap,0x369e32aed1dc5c33c85ab20977fb645a803e4a70,0,0xeda63ac431d3484ad7413989cc7044b87ef8d01252c2f610e415c8f0798fa56d,0x369e32aed1dc5c33c85ab20977fb645a803e4a70-0-0,False,True
61,BNkA11r8LDWnXJMHeagrtovhgMienvgMQMgtQUMiuxZT,1625799213,1645640020,True,True,Paraswap,0x369e32aed1dc5c33c85ab20977fb645a803e4a70,0,0xeda63ac431d3484ad7413989cc7044b87ef8d01252c2f610e415c8f0798fa56d,BNkA11r8LDWnXJMHeagrtovhgMienvgMQMgtQUMiuxZT-0,False,True
64,0x369e32aed1dc5c33c85ab20977fb645a803e4a70-1,1625801313,1645640161,True,True,Synthetix,0x369e32aed1dc5c33c85ab20977fb645a803e4a70,0,0x7b2e47f5c8f1b951645e9c2858eb3fca35b2e473d2f8994fd3ac9094c739db57,0x369e32aed1dc5c33c85ab20977fb645a803e4a70-1-0,False,True
65,HbZYdcn2AixtZjeFxQo9ewnrWoKPc6NPyEccnDJ7hU72,1625801313,1645640161,True,True,Synthetix,0x369e32aed1dc5c33c85ab20977fb645a803e4a70,0,0x7b2e47f5c8f1b951645e9c2858eb3fca35b2e473d2f8994fd3ac9094c739db57,HbZYdcn2AixtZjeFxQo9ewnrWoKPc6NPyEccnDJ7hU72-0,False,True
68,0x521cbe4d915138e3c49156841c14ca4c8fe10805-1,1625805182,1645640243,True,True,Compound V2,0x521cbe4d915138e3c49156841c14ca4c8fe10805,0,0xbab9979a276e230ab7f6dc18ea66a8d6e3fc662f5fc080b862f5a30c86883647,0x521cbe4d915138e3c49156841c14ca4c8fe10805-1-0,False,True
69,E6gqTHJAmZFMc8pB5RhA8iJH3VnRWyA2W8TWRmnJH2BQ,1625805182,1645640243,True,True,Compound V2,0x521cbe4d915138e3c49156841c14ca4c8fe10805,0,0xbab9979a276e230ab7f6dc18ea66a8d6e3fc662f5fc080b862f5a30c86883647,E6gqTHJAmZFMc8pB5RhA8iJH3VnRWyA2W8TWRmnJH2BQ-0,False,True
70,0x521cbe4d915138e3c49156841c14ca4c8fe10805-2,1625810285,1645639922,True,True,makerdao-governance,0x521cbe4d915138e3c49156841c14ca4c8fe10805,0,0x28ef98296776cf391293841a8f8a838cea705599b33d95dbd333049c631478c2,0x521cbe4d915138e3c49156841c14ca4c8fe10805-2-0,False,True
71,EiRmckRKCFMN3hmych8LsefFvGei2ucF86Ka84HX1Jy6,1625810285,1645639922,True,True,makerdao-governance,0x521cbe4d915138e3c49156841c14ca4c8fe10805,0,0x28ef98296776cf391293841a8f8a838cea705599b33d95dbd333049c631478c2,EiRmckRKCFMN3hmych8LsefFvGei2ucF86Ka84HX1Jy6-0,False,True
72,0x147676a5e327080386bcc227e103a73dd2979049-0,1625833987,1645639619,True,True,Liquity,0x147676a5e327080386bcc227e103a73dd2979049,0,0xefcb9e49ebac50f2f87251f78c28b730f5cecebfab5b05a799c8888b98ff5ab6,0x147676a5e327080386bcc227e103a73dd2979049-0-0,False,True
73,2TmD7Fq3K2BQGmUXNPzrNMXb6PDNbcBWfAHa5o3gRJC8,1625833987,1645639619,True,True,Liquity,0x147676a5e327080386bcc227e103a73dd2979049,0,0xefcb9e49ebac50f2f87251f78c28b730f5cecebfab5b05a799c8888b98ff5ab6,2TmD7Fq3K2BQGmUXNPzrNMXb6PDNbcBWfAHa5o3gRJC8-0,False,True
74,0x7859821024e633c5dc8a4fcf86fc52e7720ce525-0,1625836967,1645639205,True,True,eip721,0x7859821024e633c5dc8a4fcf86fc52e7720ce525,0,0xb5c57baf86e39e2a837634f5dcab48a536f3b29397d36eb165a821bd080146d8,0x7859821024e633c5dc8a4fcf86fc52e7720ce525-0-0,False,True
75,AVZ1dGwmRGKsbDAbwvxNmXzeEkD48voB3LfGqj5w7FUS,1625836967,1645639205,True,True,eip721,0x7859821024e633c5dc8a4fcf86fc52e7720ce525,0,0xb5c57baf86e39e2a837634f5dcab48a536f3b29397d36eb165a821bd080146d8,AVZ1dGwmRGKsbDAbwvxNmXzeEkD48voB3LfGqj5w7FUS-0,False,True
76,0x7859821024e633c5dc8a4fcf86fc52e7720ce525-1,1625836980,1645639205,True,True,eip1155,0x7859821024e633c5dc8a4fcf86fc52e7720ce525,0,0x4d4a747d890c63f85e47b9df02a9d490284b9163cd8c23d91c956feaab063298,0x7859821024e633c5dc8a4fcf86fc52e7720ce525-1-0,False,True
77,GCQVLurkeZrdMf4t5v5NyeWJY8pHhfE9sinjFMjLYd9C,1625836980,1645639205,True,True,eip1155,0x7859821024e633c5dc8a4fcf86fc52e7720ce525,0,0x4d4a747d890c63f85e47b9df02a9d490284b9163cd8c23d91c956feaab063298,GCQVLurkeZrdMf4t5v5NyeWJY8pHhfE9sinjFMjLYd9C-0,False,True
84,0x97230febf3e6595462d93600404a77223d5dc723-1,1625881565,1645640161,True,True,Curve Finance,0x97230febf3e6595462d93600404a77223d5dc723,0,0x7c664a469ea98278e5124e165e0744085b1a9d3903ffe37c7c25b1d7aec5aa83,0x97230febf3e6595462d93600404a77223d5dc723-1-0,False,True
85,8ZYPVcHQZXvpnFD1FseQnuvWhCXQEAfC9P6CsuLS4X1K,1625881565,1645640161,True,True,Curve Finance,0x97230febf3e6595462d93600404a77223d5dc723,0,0x7c664a469ea98278e5124e165e0744085b1a9d3903ffe37c7c25b1d7aec5aa83,8ZYPVcHQZXvpnFD1FseQnuvWhCXQEAfC9P6CsuLS4X1K-0,False,True
86,0x321341d64192e3040424f7f5c16beae44042e004-0,1625932911,1645640578,True,True,Yearn Finance Vaults,0x321341d64192e3040424f7f5c16beae44042e004,0,0xbaa3578f5fae044773afb1d2f86eb9f2fbd91473faea64441c9b3d53c3854dd0,0x321341d64192e3040424f7f5c16beae44042e004-0-0,False,True
87,BgQfcrD7ae6XRagwoZykphHRNBcub48S3o9rDrbE9m3y,1625932911,1645640578,True,True,Yearn Finance Vaults,0x321341d64192e3040424f7f5c16beae44042e004,0,0xbaa3578f5fae044773afb1d2f86eb9f2fbd91473faea64441c9b3d53c3854dd0,BgQfcrD7ae6XRagwoZykphHRNBcub48S3o9rDrbE9m3y-0,False,True
92,0xacfe4511ce883c14c4ea40563f176c3c09b4c47c-0,1626047046,1645639619,True,True,Pickle Finance,0xacfe4511ce883c14c4ea40563f176c3c09b4c47c,2,0xc922cd5c34c73046afdd2bd7e33b54419e04af90d4a440cc6c1e8235d0aa21a8,0xacfe4511ce883c14c4ea40563f176c3c09b4c47c-0-2,False,True
93,CGT5A68RjZ4gGQSJ9gGKRDVkNNbxP5cuZcTvFUvrzKjn,1626047046,1645639619,True,True,Pickle Finance,0xacfe4511ce883c14c4ea40563f176c3c09b4c47c,2,0xc922cd5c34c73046afdd2bd7e33b54419e04af90d4a440cc6c1e8235d0aa21a8,CGT5A68RjZ4gGQSJ9gGKRDVkNNbxP5cuZcTvFUvrzKjn-2,False,True
94,0xacfe4511ce883c14c4ea40563f176c3c09b4c47c-1,1626047236,1645807948,False,True,Pickle Finance Polygon,0xacfe4511ce883c14c4ea40563f176c3c09b4c47c,0,0x3dbadcea160399a85d7ae2fcacd4face1ce909d17057f5f3890ff674523444fb,0xacfe4511ce883c14c4ea40563f176c3c09b4c47c-1-0,False,True
95,H9qFpq7gZqvBv8unap6tHnvtJWNBjpQQ9vrAMKwNd86Y,1626047236,1645807948,False,True,Pickle Finance Polygon,0xacfe4511ce883c14c4ea40563f176c3c09b4c47c,0,0x3dbadcea160399a85d7ae2fcacd4face1ce909d17057f5f3890ff674523444fb,H9qFpq7gZqvBv8unap6tHnvtJWNBjpQQ9vrAMKwNd86Y-0,False,True
96,0x97230febf3e6595462d93600404a77223d5dc723-2,1626052977,1645639991,True,True,Ribbon Finance,0x97230febf3e6595462d93600404a77223d5dc723,0,0x0b818c9b0a4eae4b7c2322636df77ce458ed9ff5e120a3d91524c66d1046f029,0x97230febf3e6595462d93600404a77223d5dc723-2-0,False,True
97,0x97230febf3e6595462d93600404a77223d5dc723-3,1626052977,1645640578,True,True,Ribbon Finance,0x97230febf3e6595462d93600404a77223d5dc723,0,0x0b818c9b0a4eae4b7c2322636df77ce458ed9ff5e120a3d91524c66d1046f029,0x97230febf3e6595462d93600404a77223d5dc723-3-0,False,True
98,7yFpkxbgeWHBcrpW3ACdk1yFSGyotaUHu8mNhmtqZYT9,1626052977,1645639991,True,True,Ribbon Finance,0x97230febf3e6595462d93600404a77223d5dc723,0,0x0b818c9b0a4eae4b7c2322636df77ce458ed9ff5e120a3d91524c66d1046f029,7yFpkxbgeWHBcrpW3ACdk1yFSGyotaUHu8mNhmtqZYT9-0,False,True
99,8jCPG5Lyp5QVhGvTsuPNp58cmqhe5gj35yzFnq545nh9,1626052977,1645640578,True,True,Ribbon Finance,0x97230febf3e6595462d93600404a77223d5dc723,0,0x0b818c9b0a4eae4b7c2322636df77ce458ed9ff5e120a3d91524c66d1046f029,8jCPG5Lyp5QVhGvTsuPNp58cmqhe5gj35yzFnq545nh9-0,False,True
102,0x97230febf3e6595462d93600404a77223d5dc723-4,1626070062,1645640161,True,True,Yearn Finance,0x97230febf3e6595462d93600404a77223d5dc723,0,0xaea2c374cf906e6e9942d0e1d751896f86688b15fb303691586fc2371e302a46,0x97230febf3e6595462d93600404a77223d5dc723-4-0,False,True
103,9RQ4GNyqQ28XckFDw6z8HKMZ2TZ2VZmq2WstLPC6TjkS,1626070062,1645640161,True,True,Yearn Finance,0x97230febf3e6595462d93600404a77223d5dc723,0,0xaea2c374cf906e6e9942d0e1d751896f86688b15fb303691586fc2371e302a46,9RQ4GNyqQ28XckFDw6z8HKMZ2TZ2VZmq2WstLPC6TjkS-0,False,True
106,0x197939c1ca20c2b506d6811d8b6cdb3394471074-0,1626075995,1645786390,True,True,Iron Bank,0x0501be0da35990fbf5c434c29186a7966846c0d5,3,0x22a3e51b5f10010d633da197af7cb6c7fb6cfcf11a4c9531a2e0c173e84dc097,0x197939c1ca20c2b506d6811d8b6cdb3394471074-0-3,False,True
107,4NbM6LH6Ks1tRtrYAvFKAHbnMZ6wtmYhMHJQcUztRdWr,1626075995,1645786390,True,True,Iron Bank,0x0501be0da35990fbf5c434c29186a7966846c0d5,3,0x22a3e51b5f10010d633da197af7cb6c7fb6cfcf11a4c9531a2e0c173e84dc097,4NbM6LH6Ks1tRtrYAvFKAHbnMZ6wtmYhMHJQcUztRdWr-3,False,True
108,0x2382ab6c2099474cf424560a370ed1b1fdb65253-0,1626088058,1645639205,True,True,Curve,0x2382ab6c2099474cf424560a370ed1b1fdb65253,1,0x879bf3f6886b0f4bfdd394264bdbaa4cbe92c39c809f7e40a528bcd92a17c71d,0x2382ab6c2099474cf424560a370ed1b1fdb65253-0-1,False,True
109,4yx4rR6Kf8WH4RJPGhLSHojUxJzRWgEZb51iTran1sEG,1626088058,1645639205,True,True,Curve,0x2382ab6c2099474cf424560a370ed1b1fdb65253,1,0x879bf3f6886b0f4bfdd394264bdbaa4cbe92c39c809f7e40a528bcd92a17c71d,4yx4rR6Kf8WH4RJPGhLSHojUxJzRWgEZb51iTran1sEG-1,False,True
124,0xa64f266a5e3471dcf51b21426b7872b277a7e20a-0,1626120182,1645640860,True,True,vechain,0xa64f266a5e3471dcf51b21426b7872b277a7e20a,0,0x1006b78a758d0759f9ca1f8724dd8fa9b7e3979e248bc37d17d196c5ba61c9cc,0xa64f266a5e3471dcf51b21426b7872b277a7e20a-0-0,False,True
125,Fx7dR9P8JPeSP25sPEBXERnAUb6xqaHo8WT4LD1N78jv,1626120182,1645640860,True,True,vechain,0xa64f266a5e3471dcf51b21426b7872b277a7e20a,0,0x1006b78a758d0759f9ca1f8724dd8fa9b7e3979e248bc37d17d196c5ba61c9cc,Fx7dR9P8JPeSP25sPEBXERnAUb6xqaHo8WT4LD1N78jv-0,False,True
156,0x994d6ea5a9ccb836d1354947d4697ed3157e48fd-0,1626175732,1645640656,True,True,Cryptokitties,0x994d6ea5a9ccb836d1354947d4697ed3157e48fd,0,0x2821fe176a07d1e7f7df14d10967008cb930551e54e5c9a0da61dc3798c7083c,0x994d6ea5a9ccb836d1354947d4697ed3157e48fd-0-0,False,True
157,AhxZMJr9JoAat5hgxhixpCtXYrF57rXDqiXSwASpNtQB,1626175732,1645640656,True,True,Cryptokitties,0x994d6ea5a9ccb836d1354947d4697ed3157e48fd,0,0x2821fe176a07d1e7f7df14d10967008cb930551e54e5c9a0da61dc3798c7083c,AhxZMJr9JoAat5hgxhixpCtXYrF57rXDqiXSwASpNtQB-0,False,True
164,0x97230febf3e6595462d93600404a77223d5dc723-5,1626208387,1645640161,True,True,TheGraph[RandomDev],0x97230febf3e6595462d93600404a77223d5dc723,0,0xbf651335bff40ebeb04f9f29efeb0f96c95d7cc5d07545eca89e3f357dfad746,0x97230febf3e6595462d93600404a77223d5dc723-5-0,False,True
165,6LmjtP8BHYz1niorDTMUGbNzKA3xrW86AHJ9Mtxu4vwM,1626208387,1645640161,True,True,TheGraph[RandomDev],0x97230febf3e6595462d93600404a77223d5dc723,0,0xbf651335bff40ebeb04f9f29efeb0f96c95d7cc5d07545eca89e3f357dfad746,6LmjtP8BHYz1niorDTMUGbNzKA3xrW86AHJ9Mtxu4vwM-0,False,True
168,0xf50b705e4eaba269dfe954f10c65bd34e6351e0c-0,1626215667,1647550825,True,True,Yearn Vaults V2 Subgraph,0xf50b705e4eaba269dfe954f10c65bd34e6351e0c,3,0x2f7af6fd1032aeb0d446784a9968f4a1e4599026b1a5c86b52fbe5912a41789c,0xf50b705e4eaba269dfe954f10c65bd34e6351e0c-0-3,False,True
169,5xMSe3wTNLgFQqsAc5SCVVwT4MiRb5AogJCuSN9PjzXF,1626215667,1647550825,True,True,Yearn Vaults V2 Subgraph,0xf50b705e4eaba269dfe954f10c65bd34e6351e0c,3,0x2f7af6fd1032aeb0d446784a9968f4a1e4599026b1a5c86b52fbe5912a41789c,5xMSe3wTNLgFQqsAc5SCVVwT4MiRb5AogJCuSN9PjzXF-3,False,True
192,0x63a2368f4b509438ca90186cb1c15156713d5834-0,1626410565,1645639205,True,True,juicebox,0x63a2368f4b509438ca90186cb1c15156713d5834,7,0x091aac49f5be3a23510d3412e0226ff923d352efebcb6ae5aa8a8966c09ce028,0x63a2368f4b509438ca90186cb1c15156713d5834-0-7,False,True
193,FVmuv3TndQDNd2BWARV8Y27yuKKukryKXPzvAS5E7htC,1626410565,1645639205,True,True,juicebox,0x63a2368f4b509438ca90186cb1c15156713d5834,7,0x091aac49f5be3a23510d3412e0226ff923d352efebcb6ae5aa8a8966c09ce028,FVmuv3TndQDNd2BWARV8Y27yuKKukryKXPzvAS5E7htC-7,False,True
206,0x24d123ddacfed44e253559446879da7cbdfe6d92-0,1626461868,1645639922,True,True,Ethereum User LP Transactions V1,0x24d123ddacfed44e253559446879da7cbdfe6d92,1,0x93172f39885f3dbc521904098d9bf74318a96e62596f653d270d69714742cbba,0x24d123ddacfed44e253559446879da7cbdfe6d92-0-1,False,True
207,7pasZVSSF3GGdX32rDaLTT7XCQhEMFz47dKhGv3c12m6,1626461868,1645639922,True,True,Ethereum User LP Transactions V1,0x24d123ddacfed44e253559446879da7cbdfe6d92,1,0x93172f39885f3dbc521904098d9bf74318a96e62596f653d270d69714742cbba,7pasZVSSF3GGdX32rDaLTT7XCQhEMFz47dKhGv3c12m6-1,False,True
230,0x1f90acb4cdb238858c7347c9fbd8a1c44caa7928-2,1626522498,1645640656,True,True,tbtc,0x1f90acb4cdb238858c7347c9fbd8a1c44caa7928,0,0x7cc21483037a393f606f57c1f937a90d93e743fc7111855e91bc8a946ff769d6,0x1f90acb4cdb238858c7347c9fbd8a1c44caa7928-2-0,False,True
231,9Zf6SP4v3T6td9tyCwZtjh5eEnQ8dUbVpDdWf1eAHguP,1626522498,1645640656,True,True,tbtc,0x1f90acb4cdb238858c7347c9fbd8a1c44caa7928,0,0x7cc21483037a393f606f57c1f937a90d93e743fc7111855e91bc8a946ff769d6,9Zf6SP4v3T6td9tyCwZtjh5eEnQ8dUbVpDdWf1eAHguP-0,False,True
232,0x5991a31ab4095cb5470a5bd532e02568393b06d5-0,1626576618,1645807948,False,True,Space Cowboy Test,0x5991a31ab4095cb5470a5bd532e02568393b06d5,0,0x10b921d7c6cec0844428992eeb510b0dca2f43d4ca09b281e3c055e7ab7ec0a4,0x5991a31ab4095cb5470a5bd532e02568393b06d5-0-0,False,True
233,AY4e4jrZYHrWaFaG4AwfV9nijN5Cjr1hKwBWgJzDGkS1,1626576618,1645807948,False,True,Space Cowboy Test,0x5991a31ab4095cb5470a5bd532e02568393b06d5,0,0x10b921d7c6cec0844428992eeb510b0dca2f43d4ca09b281e3c055e7ab7ec0a4,AY4e4jrZYHrWaFaG4AwfV9nijN5Cjr1hKwBWgJzDGkS1-0,False,True
234,0x5991a31ab4095cb5470a5bd532e02568393b06d5-1,1626581933,1627872207,False,False,Bot bait-v2,0x5991a31ab4095cb5470a5bd532e02568393b06d5,0,0x6a6d1b2450a74485d32e3ae77243e575bc679882b93762e47cbc8c80e1dcd81d,0x5991a31ab4095cb5470a5bd532e02568393b06d5-1-0,False,True
235,EsEnqMt8GrWXSWjdkTphcauCRvcyC1eC4U9sdBRZEB84,1626581933,1627872207,False,False,Bot bait-v2,0x5991a31ab4095cb5470a5bd532e02568393b06d5,0,0x6a6d1b2450a74485d32e3ae77243e575bc679882b93762e47cbc8c80e1dcd81d,EsEnqMt8GrWXSWjdkTphcauCRvcyC1eC4U9sdBRZEB84-0,False,True
236,0x5991a31ab4095cb5470a5bd532e02568393b06d5-2,1626581954,1645807948,False,True,Bot bait-v2,0x5991a31ab4095cb5470a5bd532e02568393b06d5,0,0x6a6d1b2450a74485d32e3ae77243e575bc679882b93762e47cbc8c80e1dcd81d,0x5991a31ab4095cb5470a5bd532e02568393b06d5-2-0,False,True
237,5gNSmPF1LhUGBfyor6yq68m1rbfPT9LWwdgqEdSPdHRN,1626581954,1645807948,False,True,Bot bait-v2,0x5991a31ab4095cb5470a5bd532e02568393b06d5,0,0x6a6d1b2450a74485d32e3ae77243e575bc679882b93762e47cbc8c80e1dcd81d,5gNSmPF1LhUGBfyor6yq68m1rbfPT9LWwdgqEdSPdHRN-0,False,True
238,0x5991a31ab4095cb5470a5bd532e02568393b06d5-3,1626583378,1627872207,False,False,Test deployment1,0x5991a31ab4095cb5470a5bd532e02568393b06d5,0,0x58b6312ecdd8e6929e133330aa00d32d4e19bd3cdc9ab65d0b25c0d3632fc058,0x5991a31ab4095cb5470a5bd532e02568393b06d5-3-0,False,True
239,8mteqsnKePqyqAXVb6e6KkcBqJpR3tjwPacgP1jSmxSE,1626583378,1627872207,False,False,Test deployment1,0x5991a31ab4095cb5470a5bd532e02568393b06d5,0,0x58b6312ecdd8e6929e133330aa00d32d4e19bd3cdc9ab65d0b25c0d3632fc058,8mteqsnKePqyqAXVb6e6KkcBqJpR3tjwPacgP1jSmxSE-0,False,True
240,0x5991a31ab4095cb5470a5bd532e02568393b06d5-4,1626583426,1645807948,False,True,Test deployment2,0x5991a31ab4095cb5470a5bd532e02568393b06d5,0,0x58b6312ecdd8e6929e133330aa00d32d4e19bd3cdc9ab65d0b25c0d3632fc058,0x5991a31ab4095cb5470a5bd532e02568393b06d5-4-0,False,True
241,3wyAiXoYQELEYNmssoNCTevRQMPUi8AeLbvdHaUx8Pr5,1626583426,1645807948,False,True,Test deployment2,0x5991a31ab4095cb5470a5bd532e02568393b06d5,0,0x58b6312ecdd8e6929e133330aa00d32d4e19bd3cdc9ab65d0b25c0d3632fc058,3wyAiXoYQELEYNmssoNCTevRQMPUi8AeLbvdHaUx8Pr5-0,False,True
252,0x534a9ac3d3401f80800375680bded6a84137d296-0,1626692937,1645640578,True,True,Bot Bait v2,0x534a9ac3d3401f80800375680bded6a84137d296,0,0x303b502eba6fc9009263db01c6f1edeabe6427bb40a7e2e9be65f60760e5bb12,0x534a9ac3d3401f80800375680bded6a84137d296-0-0,False,True
253,GbkHn3Fh8EvHevTjWM5mu3osbApbGRjK4YSpFHKFLPUg,1626692937,1645640578,True,True,Bot Bait v2,0x534a9ac3d3401f80800375680bded6a84137d296,0,0x303b502eba6fc9009263db01c6f1edeabe6427bb40a7e2e9be65f60760e5bb12,GbkHn3Fh8EvHevTjWM5mu3osbApbGRjK4YSpFHKFLPUg-0,False,True
254,0x534a9ac3d3401f80800375680bded6a84137d296-1,1626694136,1645807948,False,True,Test remove soon,0x534a9ac3d3401f80800375680bded6a84137d296,0,0x380f876c05b7fce7bd8234de974bf0d5a0b262f7325bdb1a785ce4a120691831,0x534a9ac3d3401f80800375680bded6a84137d296-1-0,False,True
255,CVCJtcYFeh5bcHiQcz2ZfuSDopycfVHFg9nFtb2eTmy7,1626694136,1645807948,False,True,Test remove soon,0x534a9ac3d3401f80800375680bded6a84137d296,0,0x380f876c05b7fce7bd8234de974bf0d5a0b262f7325bdb1a785ce4a120691831,CVCJtcYFeh5bcHiQcz2ZfuSDopycfVHFg9nFtb2eTmy7-0,False,True
258,0xd9d50c3cfcdd4d89c76d1ab5e7ead7d3d632e283-0,1626699543,1645640243,True,True,Wallstreetbets,0xd9d50c3cfcdd4d89c76d1ab5e7ead7d3d632e283,3,0x133698f83f7ab5e98d36fb55f70ea4ceb121f284434bc232db1083e7a2067fc3,0xd9d50c3cfcdd4d89c76d1ab5e7ead7d3d632e283-0-3,False,True
259,BJ7snew5Cet2GW9BSifqcb6htP6YgnbB4PCXwYBwnW9k,1626699543,1645640243,True,True,Wallstreetbets,0xd9d50c3cfcdd4d89c76d1ab5e7ead7d3d632e283,3,0x133698f83f7ab5e98d36fb55f70ea4ceb121f284434bc232db1083e7a2067fc3,BJ7snew5Cet2GW9BSifqcb6htP6YgnbB4PCXwYBwnW9k-3,False,True
266,0x021c1a1ce318e7b4545f6280b248062592b71706-0,1626773090,1645639991,True,True,mStable Feeder Pools and Vaults,0x021c1a1ce318e7b4545f6280b248062592b71706,2,0x73ab580e766518d557d94f3c868963f563da0c33fd0b640a8fe674c18b058f4f,0x021c1a1ce318e7b4545f6280b248062592b71706-0-2,False,True
267,FFPrkhXdhQzE8i3hqCymMPTHLDnNAUCYMq7ArczbfQSg,1626773090,1645639991,True,True,mStable Feeder Pools and Vaults,0x021c1a1ce318e7b4545f6280b248062592b71706,2,0x73ab580e766518d557d94f3c868963f563da0c33fd0b640a8fe674c18b058f4f,FFPrkhXdhQzE8i3hqCymMPTHLDnNAUCYMq7ArczbfQSg-2,False,True
268,0x2f0963e77ca6ac0c2dad1bf4147b6b40e0dd8728-0,1626777402,1645639205,True,True,Radicle,0x2f0963e77ca6ac0c2dad1bf4147b6b40e0dd8728,2,0xeb449d43e21e518cdb0656cc31b1652dc177996b8dc2ddd9f4442cf30c95f12e,0x2f0963e77ca6ac0c2dad1bf4147b6b40e0dd8728-0-2,False,True
269,8rp4W6dGKdfYTf3So7xFpdd58gCaNbKwmm6Sketd4XvX,1626777402,1645639205,True,True,Radicle,0x2f0963e77ca6ac0c2dad1bf4147b6b40e0dd8728,2,0xeb449d43e21e518cdb0656cc31b1652dc177996b8dc2ddd9f4442cf30c95f12e,8rp4W6dGKdfYTf3So7xFpdd58gCaNbKwmm6Sketd4XvX-2,False,True
272,0x21f7db7daa3f03100eb6ad36f79e20972a79e6c0-0,1626813334,1645639798,True,True,Eth Cryptovoxels Collections,0x21f7db7daa3f03100eb6ad36f79e20972a79e6c0,4,0xb2b3f2e6116356b2357db9411ac6465ee5aaa7fcf6656d991e19e9c1a7378035,0x21f7db7daa3f03100eb6ad36f79e20972a79e6c0-0-4,False,True
273,HKs3AibRfaJ4pkvTF1orAx6DgkqbDdHrwcykDkgombWg,1626813334,1645639798,True,True,Eth Cryptovoxels Collections,0x21f7db7daa3f03100eb6ad36f79e20972a79e6c0,4,0xb2b3f2e6116356b2357db9411ac6465ee5aaa7fcf6656d991e19e9c1a7378035,HKs3AibRfaJ4pkvTF1orAx6DgkqbDdHrwcykDkgombWg-4,False,True
276,0xa64f266a5e3471dcf51b21426b7872b277a7e20a-1,1626859460,1645640578,True,True,Bprotocol,0xa64f266a5e3471dcf51b21426b7872b277a7e20a,0,0xb7d41a81a3ae012fb772fbb633b85a294d5f74c5015846e04933b29a9f62db67,0xa64f266a5e3471dcf51b21426b7872b277a7e20a-1-0,False,True
277,ADyaStYeBbjqPeVN5ykggdMXRbPz66nCvfB1G5EFLPsU,1626859460,1645640578,True,True,Bprotocol,0xa64f266a5e3471dcf51b21426b7872b277a7e20a,0,0xb7d41a81a3ae012fb772fbb633b85a294d5f74c5015846e04933b29a9f62db67,ADyaStYeBbjqPeVN5ykggdMXRbPz66nCvfB1G5EFLPsU-0,False,True
280,0x4bb4c1b0745ef7b4642feeccd0740dec417ca0a0-1,1626903282,1647300732,True,True,Sushi - MasterChef,0x4bb4c1b0745ef7b4642feeccd0740dec417ca0a0,1,0xf1c39327ac103655b80fe25775594f2de4af2ceb6ab34215b49c632aab5c4ade,0x4bb4c1b0745ef7b4642feeccd0740dec417ca0a0-1-1,False,True
281,5mqK2me3PVLTUhMNESgAqq3SX26eGsMFwo8BLLZwNM4u,1626903282,1647300732,True,True,Sushi - MasterChef,0x4bb4c1b0745ef7b4642feeccd0740dec417ca0a0,1,0xf1c39327ac103655b80fe25775594f2de4af2ceb6ab34215b49c632aab5c4ade,5mqK2me3PVLTUhMNESgAqq3SX26eGsMFwo8BLLZwNM4u-1,False,True
286,0xb7ce368a08d06b54352c2bef09dea0cdc066b2a1-0,1626940377,1645640860,True,True,testdeployment1,0xb7ce368a08d06b54352c2bef09dea0cdc066b2a1,0,0xa208d93a09aa2d391f92608b1833d249da2ac6d4f0ec4508ba23619616051a9a,0xb7ce368a08d06b54352c2bef09dea0cdc066b2a1-0-0,False,True
287,5SukPrfzujFG2TRgb4tZEh5iXHPen7iNaqzWbpSfTSie,1626940377,1645640860,True,True,testdeployment1,0xb7ce368a08d06b54352c2bef09dea0cdc066b2a1,0,0xa208d93a09aa2d391f92608b1833d249da2ac6d4f0ec4508ba23619616051a9a,5SukPrfzujFG2TRgb4tZEh5iXHPen7iNaqzWbpSfTSie-0,False,True
288,0xb7ce368a08d06b54352c2bef09dea0cdc066b2a1-1,1626942765,1645640816,True,True,testdeployment2,0xb7ce368a08d06b54352c2bef09dea0cdc066b2a1,0,0xa208d93a09aa2d391f92608b1833d249da2ac6d4f0ec4508ba23619616051a9a,0xb7ce368a08d06b54352c2bef09dea0cdc066b2a1-1-0,False,True
289,GJN5EZh5jJ4i7GkLq6WirpiZvGnPcCjgc8J6MGHmjdQ3,1626942765,1645640816,True,True,testdeployment2,0xb7ce368a08d06b54352c2bef09dea0cdc066b2a1,0,0xa208d93a09aa2d391f92608b1833d249da2ac6d4f0ec4508ba23619616051a9a,GJN5EZh5jJ4i7GkLq6WirpiZvGnPcCjgc8J6MGHmjdQ3-0,False,True
290,0xb7ce368a08d06b54352c2bef09dea0cdc066b2a1-2,1626942862,1645640578,True,True,testdeployment3,0xb7ce368a08d06b54352c2bef09dea0cdc066b2a1,0,0xa208d93a09aa2d391f92608b1833d249da2ac6d4f0ec4508ba23619616051a9a,0xb7ce368a08d06b54352c2bef09dea0cdc066b2a1-2-0,False,True
291,4y2gRCuvQ1cv7bjpji2xPUYnHDdYdE3JHSFhKMqtFzcY,1626942862,1645640578,True,True,testdeployment3,0xb7ce368a08d06b54352c2bef09dea0cdc066b2a1,0,0xa208d93a09aa2d391f92608b1833d249da2ac6d4f0ec4508ba23619616051a9a,4y2gRCuvQ1cv7bjpji2xPUYnHDdYdE3JHSFhKMqtFzcY-0,False,True
292,0xb7ce368a08d06b54352c2bef09dea0cdc066b2a1-3,1626943782,1645640816,True,True,approval,0xb7ce368a08d06b54352c2bef09dea0cdc066b2a1,0,0xa208d93a09aa2d391f92608b1833d249da2ac6d4f0ec4508ba23619616051a9a,0xb7ce368a08d06b54352c2bef09dea0cdc066b2a1-3-0,False,True
293,QQVXAAhwbuZJLK2xEwG6rQeYwaasHGQrgjvtuMppg8k,1626943782,1645640816,True,True,approval,0xb7ce368a08d06b54352c2bef09dea0cdc066b2a1,0,0xa208d93a09aa2d391f92608b1833d249da2ac6d4f0ec4508ba23619616051a9a,QQVXAAhwbuZJLK2xEwG6rQeYwaasHGQrgjvtuMppg8k-0,False,True
294,0x00000444e5a1a667663b0adfd853e8efa0470698-0,1626952878,1645639922,True,True,renft,0x00000444e5a1a667663b0adfd853e8efa0470698,1,0x8cd0ccfa257f8544115c0af573bcf97ed78ebc8c1d0fd286e6b56b9f8a108510,0x00000444e5a1a667663b0adfd853e8efa0470698-0-1,False,True
295,BEkzgsGPhih7VE6aVwUL4h7EZyXJjZYn16T9PE5XCmou,1626952878,1645639922,True,True,renft,0x00000444e5a1a667663b0adfd853e8efa0470698,1,0x8cd0ccfa257f8544115c0af573bcf97ed78ebc8c1d0fd286e6b56b9f8a108510,BEkzgsGPhih7VE6aVwUL4h7EZyXJjZYn16T9PE5XCmou-1,False,True
296,0xb7ce368a08d06b54352c2bef09dea0cdc066b2a1-4,1626956034,1645640578,True,True,amino,0xb7ce368a08d06b54352c2bef09dea0cdc066b2a1,0,0xfbb95eacafdc44af3c0fbd193d6d028138045ead41e59ac308436b6d3e5ba6db,0xb7ce368a08d06b54352c2bef09dea0cdc066b2a1-4-0,False,True
297,5pMfFcTm9cDe1wTztj1gky2PVB2MDS3Ta6QfejZVBr8E,1626956034,1645640578,True,True,amino,0xb7ce368a08d06b54352c2bef09dea0cdc066b2a1,0,0xfbb95eacafdc44af3c0fbd193d6d028138045ead41e59ac308436b6d3e5ba6db,5pMfFcTm9cDe1wTztj1gky2PVB2MDS3Ta6QfejZVBr8E-0,False,True
298,0x534a9ac3d3401f80800375680bded6a84137d296-2,1627038466,1627089632,False,False,test migrate,0x534a9ac3d3401f80800375680bded6a84137d296,0,0x380f876c05b7fce7bd8234de974bf0d5a0b262f7325bdb1a785ce4a120691831,0x534a9ac3d3401f80800375680bded6a84137d296-2-0,False,True
299,47BEnfQFYjURYjD8r2JNoFjXkYHTqJ3xfcnrKUrbnTiq,1627038466,1627089632,False,False,test migrate,0x534a9ac3d3401f80800375680bded6a84137d296,0,0x380f876c05b7fce7bd8234de974bf0d5a0b262f7325bdb1a785ce4a120691831,47BEnfQFYjURYjD8r2JNoFjXkYHTqJ3xfcnrKUrbnTiq-0,False,True
300,0x534a9ac3d3401f80800375680bded6a84137d296-3,1627039060,1627089701,False,False,test dev,0x534a9ac3d3401f80800375680bded6a84137d296,0,0x380f876c05b7fce7bd8234de974bf0d5a0b262f7325bdb1a785ce4a120691831,0x534a9ac3d3401f80800375680bded6a84137d296-3-0,False,True
301,B39LecV8UELFUxULRswPhcifsZWJ6qaLL29cGYMcCK4s,1627039060,1627089701,False,False,test dev,0x534a9ac3d3401f80800375680bded6a84137d296,0,0x380f876c05b7fce7bd8234de974bf0d5a0b262f7325bdb1a785ce4a120691831,B39LecV8UELFUxULRswPhcifsZWJ6qaLL29cGYMcCK4s-0,False,True
302,0x534a9ac3d3401f80800375680bded6a84137d296-4,1627039197,1627089748,False,False,migrate 1,0x534a9ac3d3401f80800375680bded6a84137d296,0,0x380f876c05b7fce7bd8234de974bf0d5a0b262f7325bdb1a785ce4a120691831,0x534a9ac3d3401f80800375680bded6a84137d296-4-0,False,True
303,okz4sT96je97dMiAJtPYmkBwDN9rov9mcMYTPskGtrq,1627039197,1627089748,False,False,migrate 1,0x534a9ac3d3401f80800375680bded6a84137d296,0,0x380f876c05b7fce7bd8234de974bf0d5a0b262f7325bdb1a785ce4a120691831,okz4sT96je97dMiAJtPYmkBwDN9rov9mcMYTPskGtrq-0,False,True
304,0x534a9ac3d3401f80800375680bded6a84137d296-5,1627039876,1639382006,False,False,BOT BOT,0x534a9ac3d3401f80800375680bded6a84137d296,0,0xe4b50cbbda669048c77fefa1167e554706a24a84c436cb25f2ea5579dfe1e21b,0x534a9ac3d3401f80800375680bded6a84137d296-5-0,False,True
305,7Ew6SQmN1Xdjk5YEonqYAaT1v2HikNa92VZUQPpJ2QvX,1627039876,1639382006,False,False,BOT BOT,0x534a9ac3d3401f80800375680bded6a84137d296,0,0xe4b50cbbda669048c77fefa1167e554706a24a84c436cb25f2ea5579dfe1e21b,7Ew6SQmN1Xdjk5YEonqYAaT1v2HikNa92VZUQPpJ2QvX-0,False,True
306,0x534a9ac3d3401f80800375680bded6a84137d296-6,1627040136,1645640243,True,True,Test Contract,0x534a9ac3d3401f80800375680bded6a84137d296,0,0x2b9c7c0bcedb50f04905908c5955554cabea2df64fcee77773aad0ffc00981b4,0x534a9ac3d3401f80800375680bded6a84137d296-6-0,False,True
307,EEUEkeaNF7hxvx327PS1hSqp6boeXHRXWiocU5h6MKVf,1627040136,1645640243,True,True,Test Contract,0x534a9ac3d3401f80800375680bded6a84137d296,0,0x2b9c7c0bcedb50f04905908c5955554cabea2df64fcee77773aad0ffc00981b4,EEUEkeaNF7hxvx327PS1hSqp6boeXHRXWiocU5h6MKVf-0,False,True
308,0x89fddab2f93417182cdcdb0b8b3322b93ab3a192-0,1627051703,1645639619,True,True,Decentraland marketplace ethereum mainnet,0x89fddab2f93417182cdcdb0b8b3322b93ab3a192,0,0x07a115441341a7c904c3b8c512e0523b72aea72854f11fd236a593555c9f681d,0x89fddab2f93417182cdcdb0b8b3322b93ab3a192-0-0,False,True
309,GnwyhKp8uQkktC3vgMxWpg9f9qea75WQ6GXTxjW6BbZq,1627051703,1645639619,True,True,Decentraland marketplace ethereum mainnet,0x89fddab2f93417182cdcdb0b8b3322b93ab3a192,0,0x07a115441341a7c904c3b8c512e0523b72aea72854f11fd236a593555c9f681d,GnwyhKp8uQkktC3vgMxWpg9f9qea75WQ6GXTxjW6BbZq-0,False,True
314,0xacd1f726dd027d8bf6f271c784b8e1b7d990ad8f-0,1627086643,1645640860,True,True,botbait,0xacd1f726dd027d8bf6f271c784b8e1b7d990ad8f,0,0x9e14cf7f448459fc87e17a3b936ef1444427ac0931464a0e8742c07e6cfc7ff6,0xacd1f726dd027d8bf6f271c784b8e1b7d990ad8f-0-0,False,True
315,BDWhvab7goVwNXmh8qVkP6j5s5NFA2e7C4sTE2sNuoCU,1627086643,1645640860,True,True,botbait,0xacd1f726dd027d8bf6f271c784b8e1b7d990ad8f,0,0x9e14cf7f448459fc87e17a3b936ef1444427ac0931464a0e8742c07e6cfc7ff6,BDWhvab7goVwNXmh8qVkP6j5s5NFA2e7C4sTE2sNuoCU-0,False,True
316,0xacd1f726dd027d8bf6f271c784b8e1b7d990ad8f-1,1627112879,1645640860,True,True,comp-unofficial,0xacd1f726dd027d8bf6f271c784b8e1b7d990ad8f,1,0x9e14cf7f448459fc87e17a3b936ef1444427ac0931464a0e8742c07e6cfc7ff6,0xacd1f726dd027d8bf6f271c784b8e1b7d990ad8f-1-1,False,True
317,2y49rwsWotTKuQmq3SmCCwDU2LCas243hVoYjw5VEWBi,1627112879,1645640860,True,True,comp-unofficial,0xacd1f726dd027d8bf6f271c784b8e1b7d990ad8f,1,0x9e14cf7f448459fc87e17a3b936ef1444427ac0931464a0e8742c07e6cfc7ff6,2y49rwsWotTKuQmq3SmCCwDU2LCas243hVoYjw5VEWBi-1,False,True
318,0x60b4f4a50cecef7a3a09270a4585107f7ac8cf16-0,1627120951,1645639991,True,True,ruler protocol,0x60b4f4a50cecef7a3a09270a4585107f7ac8cf16,1,0x2b0d4fd1d7c7560ed4a99b2871ea206658a0999651551095a9ace3f576f35be7,0x60b4f4a50cecef7a3a09270a4585107f7ac8cf16-0-1,False,True
319,3otfYnnZRzExUNWbtbfqrBAkuicd7vTgKfz3QVTpy3mE,1627120951,1645639991,True,True,ruler protocol,0x60b4f4a50cecef7a3a09270a4585107f7ac8cf16,1,0x2b0d4fd1d7c7560ed4a99b2871ea206658a0999651551095a9ace3f576f35be7,3otfYnnZRzExUNWbtbfqrBAkuicd7vTgKfz3QVTpy3mE-1,False,True
324,0x9f9b34c201efe888b02fdcab52422199957a0407-0,1627219043,1627219346,False,False,C98subgraph,0x9f9b34c201efe888b02fdcab52422199957a0407,0,0x4f40b9e250562887ce100922883637cf3da7d7b689ff02bae9db6746bc2fc57f,0x9f9b34c201efe888b02fdcab52422199957a0407-0-0,False,True
325,6N1FHPcJ1sQCBzmWrrNntLibGRvGHJiWWFRY7LJcmtHJ,1627219043,1627219346,False,False,C98subgraph,0x9f9b34c201efe888b02fdcab52422199957a0407,0,0x4f40b9e250562887ce100922883637cf3da7d7b689ff02bae9db6746bc2fc57f,6N1FHPcJ1sQCBzmWrrNntLibGRvGHJiWWFRY7LJcmtHJ-0,False,True
326,0x9f9b34c201efe888b02fdcab52422199957a0407-1,1627224777,1627225230,False,False,C98subgraph,0x9f9b34c201efe888b02fdcab52422199957a0407,0,0x4f40b9e250562887ce100922883637cf3da7d7b689ff02bae9db6746bc2fc57f,0x9f9b34c201efe888b02fdcab52422199957a0407-1-0,False,True
327,Druh8CtrwDPwwWNdG2FPEZUeR3XP39BzvJ6QW2cZUX1N,1627224777,1627225230,False,False,C98subgraph,0x9f9b34c201efe888b02fdcab52422199957a0407,0,0x4f40b9e250562887ce100922883637cf3da7d7b689ff02bae9db6746bc2fc57f,Druh8CtrwDPwwWNdG2FPEZUeR3XP39BzvJ6QW2cZUX1N-0,False,True
340,0x026de7b3d021dd600438f69e49c0e34495bf0edc-0,1627359081,1645639991,True,True,uniswap-v2-tokenHourData-subgraph,0x026de7b3d021dd600438f69e49c0e34495bf0edc,0,0x112efda0d0c6f9d853f3e0e5f7bc789003efbff0603c573fea0d79e63acc5720,0x026de7b3d021dd600438f69e49c0e34495bf0edc-0-0,False,True
341,8E8UCqrmEJB1sFvZA8q2EqNUzCPEcpbW2rG88fFfgbkU,1627359081,1645639991,True,True,uniswap-v2-tokenHourData-subgraph,0x026de7b3d021dd600438f69e49c0e34495bf0edc,0,0x112efda0d0c6f9d853f3e0e5f7bc789003efbff0603c573fea0d79e63acc5720,8E8UCqrmEJB1sFvZA8q2EqNUzCPEcpbW2rG88fFfgbkU-0,False,True
352,0x534a9ac3d3401f80800375680bded6a84137d296-7,1627974226,1645639798,True,True,nirn,0x534a9ac3d3401f80800375680bded6a84137d296,0,0x54b92a9a0f250e608ac66793ff190442c10037ccc1aa0bebd18df9ef0c248c7e,0x534a9ac3d3401f80800375680bded6a84137d296-7-0,False,True
353,5t3vF19Ps89c4birbbezjDkkZ92oNeEXPmVNWY7CSCLV,1627974226,1645639798,True,True,nirn,0x534a9ac3d3401f80800375680bded6a84137d296,0,0x54b92a9a0f250e608ac66793ff190442c10037ccc1aa0bebd18df9ef0c248c7e,5t3vF19Ps89c4birbbezjDkkZ92oNeEXPmVNWY7CSCLV-0,False,True
354,0x84ef9d47a2b1cbfc2f011f886287ef44f08c80ab-0,1628000193,1645639798,True,True,thelao,0x84ef9d47a2b1cbfc2f011f886287ef44f08c80ab,0,0x6cdf7d9278b062de793d61525e78739f6960d0de7e900a4d4c3b8a607eb7da4c,0x84ef9d47a2b1cbfc2f011f886287ef44f08c80ab-0-0,False,True
355,5ToBwdgzuTF11UNfBMGjZUFdJ3LG2foDky4v1mhctFNX,1628000193,1645639798,True,True,thelao,0x84ef9d47a2b1cbfc2f011f886287ef44f08c80ab,0,0x6cdf7d9278b062de793d61525e78739f6960d0de7e900a4d4c3b8a607eb7da4c,5ToBwdgzuTF11UNfBMGjZUFdJ3LG2foDky4v1mhctFNX-0,False,True
356,0x84ef9d47a2b1cbfc2f011f886287ef44f08c80ab-1,1628001518,1645639991,True,True,flamingodao,0x84ef9d47a2b1cbfc2f011f886287ef44f08c80ab,0,0x4574d9f4635af841f340944c52366610ddd63442581ecb406422f5da52fa49c2,0x84ef9d47a2b1cbfc2f011f886287ef44f08c80ab-1-0,False,True
357,4KiprGshMj83L527euMiwhsY675AfSzBNhHCVcp2deka,1628001518,1645639991,True,True,flamingodao,0x84ef9d47a2b1cbfc2f011f886287ef44f08c80ab,0,0x4574d9f4635af841f340944c52366610ddd63442581ecb406422f5da52fa49c2,4KiprGshMj83L527euMiwhsY675AfSzBNhHCVcp2deka-0,False,True
358,0x84ef9d47a2b1cbfc2f011f886287ef44f08c80ab-2,1628001685,1645639991,True,True,neptunedao,0x84ef9d47a2b1cbfc2f011f886287ef44f08c80ab,0,0x13626c2f7636a3c2763e9852d9c315f8230b8a6e3eae63a35a9963a67a0c3ec7,0x84ef9d47a2b1cbfc2f011f886287ef44f08c80ab-2-0,False,True
359,E96dyLME1yjmsExEWjddFd31idVWKTQSyY283qpDDwLS,1628001685,1645639991,True,True,neptunedao,0x84ef9d47a2b1cbfc2f011f886287ef44f08c80ab,0,0x13626c2f7636a3c2763e9852d9c315f8230b8a6e3eae63a35a9963a67a0c3ec7,E96dyLME1yjmsExEWjddFd31idVWKTQSyY283qpDDwLS-0,False,True
360,0x84ef9d47a2b1cbfc2f011f886287ef44f08c80ab-3,1628001964,1645641009,True,True,tributedao,0x84ef9d47a2b1cbfc2f011f886287ef44f08c80ab,0,0xc0e45a1955d47dbaf2a083cc78d75c1bc6172e43c5134f04fd954b657bbc3f23,0x84ef9d47a2b1cbfc2f011f886287ef44f08c80ab-3-0,False,True
361,5avXWxSNftknqqK8KECNiASJnxfT2ao7okEmMmZSesPE,1628001964,1645641009,True,True,tributedao,0x84ef9d47a2b1cbfc2f011f886287ef44f08c80ab,0,0xc0e45a1955d47dbaf2a083cc78d75c1bc6172e43c5134f04fd954b657bbc3f23,5avXWxSNftknqqK8KECNiASJnxfT2ao7okEmMmZSesPE-0,False,True
362,0x84ef9d47a2b1cbfc2f011f886287ef44f08c80ab-4,1628003619,1645640020,True,True,tributedao,0x84ef9d47a2b1cbfc2f011f886287ef44f08c80ab,0,0xc0e45a1955d47dbaf2a083cc78d75c1bc6172e43c5134f04fd954b657bbc3f23,0x84ef9d47a2b1cbfc2f011f886287ef44f08c80ab-4-0,False,True
363,6cbxGEaPxdgJoYu5cvLjJ4v6XW2QnAW81Lqzcq7x58go,1628003619,1645640020,True,True,tributedao,0x84ef9d47a2b1cbfc2f011f886287ef44f08c80ab,0,0xc0e45a1955d47dbaf2a083cc78d75c1bc6172e43c5134f04fd954b657bbc3f23,6cbxGEaPxdgJoYu5cvLjJ4v6XW2QnAW81Lqzcq7x58go-0,False,True
382,0x731b9ebf896fbc520698501721edc31f025e2074-1,1628356651,1645641009,True,True,OnePixel,0x731b9ebf896fbc520698501721edc31f025e2074,0,0x4ec0a38fd9158181c20d98b400ee75acc6513a1f9f0810fec1ca003545d883ca,0x731b9ebf896fbc520698501721edc31f025e2074-1-0,False,True
383,7H2tLwZabWPDLgPhc31Lfun79DQ9caZdCcTtePYsQbRk,1628356651,1645641009,True,True,OnePixel,0x731b9ebf896fbc520698501721edc31f025e2074,0,0x4ec0a38fd9158181c20d98b400ee75acc6513a1f9f0810fec1ca003545d883ca,7H2tLwZabWPDLgPhc31Lfun79DQ9caZdCcTtePYsQbRk-0,False,True
384,0xa508c16666c5b8981fa46eb32784fccc01942a71-0,1628390593,1628481936,False,False,TestDeploy,0xa508c16666c5b8981fa46eb32784fccc01942a71,1,0x005ba58ea020d03313c9b04c464d10982214019908a93a54514eaaebaab6f382,0xa508c16666c5b8981fa46eb32784fccc01942a71-0-1,False,True
385,HNWN5ymGqWGpvBbYFRyebhdGeSac3CDEssY3dpoMKgdK,1628390593,1628481936,False,False,TestDeploy,0xa508c16666c5b8981fa46eb32784fccc01942a71,1,0x005ba58ea020d03313c9b04c464d10982214019908a93a54514eaaebaab6f382,HNWN5ymGqWGpvBbYFRyebhdGeSac3CDEssY3dpoMKgdK-1,False,True
386,0x731b9ebf896fbc520698501721edc31f025e2074-2,1628440472,1645640020,True,True,OnePixel-Full,0x731b9ebf896fbc520698501721edc31f025e2074,0,0x19da5b2832a293f1a80d1771f3cf3725aaf590cc9e185825d188879c7acd15df,0x731b9ebf896fbc520698501721edc31f025e2074-2-0,False,True
387,8xgv89KWAZvaeaHuHz49SGbSxh2UqW8yToMshDTh1irD,1628440472,1645640020,True,True,OnePixel-Full,0x731b9ebf896fbc520698501721edc31f025e2074,0,0x19da5b2832a293f1a80d1771f3cf3725aaf590cc9e185825d188879c7acd15df,8xgv89KWAZvaeaHuHz49SGbSxh2UqW8yToMshDTh1irD-0,False,True
388,0xa508c16666c5b8981fa46eb32784fccc01942a71-1,1628480398,1628482008,False,False,b0t-ba1t,0xa508c16666c5b8981fa46eb32784fccc01942a71,0,0x005ba58ea020d03313c9b04c464d10982214019908a93a54514eaaebaab6f382,0xa508c16666c5b8981fa46eb32784fccc01942a71-1-0,False,True
389,7fspzcqYDgVF1gV7VxyA2k833EmhYqnsgRvXk9YAEPT4,1628480398,1628482008,False,False,b0t-ba1t,0xa508c16666c5b8981fa46eb32784fccc01942a71,0,0x005ba58ea020d03313c9b04c464d10982214019908a93a54514eaaebaab6f382,7fspzcqYDgVF1gV7VxyA2k833EmhYqnsgRvXk9YAEPT4-0,False,True
392,0x24d123ddacfed44e253559446879da7cbdfe6d92-1,1628484854,1645639798,True,True,Ethereum User LP Transactions w Recipient Count,0x24d123ddacfed44e253559446879da7cbdfe6d92,2,0x73d760c6ef8fb889b3af6625fff6f22fed34218ee33ff27aa0d75932678d3065,0x24d123ddacfed44e253559446879da7cbdfe6d92-1-2,False,True
393,Gz9Z6oKKD5EywxzZdVDQw9vAkCg1EBSUuFFRnc8DRvNC,1628484854,1645639798,True,True,Ethereum User LP Transactions w Recipient Count,0x24d123ddacfed44e253559446879da7cbdfe6d92,2,0x73d760c6ef8fb889b3af6625fff6f22fed34218ee33ff27aa0d75932678d3065,Gz9Z6oKKD5EywxzZdVDQw9vAkCg1EBSUuFFRnc8DRvNC-2,False,True
396,0xa508c16666c5b8981fa46eb32784fccc01942a71-2,1628565394,1628589344,False,False,b0t-ba1t2,0xa508c16666c5b8981fa46eb32784fccc01942a71,0,0xbbb0f29cffd823f7616570b0a053ff40be9dbcc559b8649a211f51a2a9205e83,0xa508c16666c5b8981fa46eb32784fccc01942a71-2-0,True,True
397,A4xtyhChUywTCww37fFBtjd1poY2kHtMNu2fwKuxSSB,1628565394,1628589344,False,False,b0t-ba1t2,0xa508c16666c5b8981fa46eb32784fccc01942a71,0,0xbbb0f29cffd823f7616570b0a053ff40be9dbcc559b8649a211f51a2a9205e83,A4xtyhChUywTCww37fFBtjd1poY2kHtMNu2fwKuxSSB-0,True,True
414,0x092b8ba8f8715a2043698016b6f69433075d91d7-0,1629337570,1645640020,True,True,garden-of-infinite-love-subgraph,0x092b8ba8f8715a2043698016b6f69433075d91d7,0,0xf397530dfd37e818b5f0bcb6ecadb0c0aa689e68f445a27722c02d3d2eed61b5,0x092b8ba8f8715a2043698016b6f69433075d91d7-0-0,False,True
415,A8qhu5gk77h3qxthGraW8eNRpqWGEG4gqaJ8cbgrg68N,1629337570,1645640020,True,True,garden-of-infinite-love-subgraph,0x092b8ba8f8715a2043698016b6f69433075d91d7,0,0xf397530dfd37e818b5f0bcb6ecadb0c0aa689e68f445a27722c02d3d2eed61b5,A8qhu5gk77h3qxthGraW8eNRpqWGEG4gqaJ8cbgrg68N-0,False,True
416,0x5f9089d6b6f8b708f04a46152b0ad729fb85e367-0,1629365678,1645639922,True,True,wildcards.world,0x5f9089d6b6f8b708f04a46152b0ad729fb85e367,0,0x41450cad731320fa6a709883e20bb2f8c6647e5b4937e7e59e0ed1373fa26efc,0x5f9089d6b6f8b708f04a46152b0ad729fb85e367-0-0,False,True
417,3Ufqmk7ionK8pKvoN2BhEJTTDsVDo7g8tsPwhLhPZRUi,1629365678,1645639922,True,True,wildcards.world,0x5f9089d6b6f8b708f04a46152b0ad729fb85e367,0,0x41450cad731320fa6a709883e20bb2f8c6647e5b4937e7e59e0ed1373fa26efc,3Ufqmk7ionK8pKvoN2BhEJTTDsVDo7g8tsPwhLhPZRUi-0,False,True
420,0x7183a02ebb534a7b183741bab09f4ec932dce27b-0,1629580264,1645639922,True,True,EthSign 3 Mainnet,0x7183a02ebb534a7b183741bab09f4ec932dce27b,2,0xc7b53cb458f7a071701d70120c4073f86224a350a5b54d0ff7f6eea231ec0132,0x7183a02ebb534a7b183741bab09f4ec932dce27b-0-2,False,True
421,8p5q86VQMZspVP5T4BddFoX3567XDk6tSSAjNg1SR55b,1629580264,1645639922,True,True,EthSign 3 Mainnet,0x7183a02ebb534a7b183741bab09f4ec932dce27b,2,0xc7b53cb458f7a071701d70120c4073f86224a350a5b54d0ff7f6eea231ec0132,8p5q86VQMZspVP5T4BddFoX3567XDk6tSSAjNg1SR55b-2,False,True
428,0xa7324ea37c1e954513ce826d147a3b6da4bb9cb3-0,1629967504,1645639922,True,True,tr-mainnet-sushi-1,0xa7324ea37c1e954513ce826d147a3b6da4bb9cb3,0,0x293cb0a8bc8d2eb2e62557b0173dac36173849fda492a911004a1c8420eabdfb,0xa7324ea37c1e954513ce826d147a3b6da4bb9cb3-0-0,False,True
429,7WHrbACYiWfHY63dSXiqVa1Sew3ohqEKpwTpU51dkMMb,1629967504,1645639922,True,True,tr-mainnet-sushi-1,0xa7324ea37c1e954513ce826d147a3b6da4bb9cb3,0,0x293cb0a8bc8d2eb2e62557b0173dac36173849fda492a911004a1c8420eabdfb,7WHrbACYiWfHY63dSXiqVa1Sew3ohqEKpwTpU51dkMMb-0,False,True
432,0xbcbfc07e6fb9eda4978f775b15e4b28b0d872053-0,1630062729,1645639991,True,True,STARL,0xbcbfc07e6fb9eda4978f775b15e4b28b0d872053,4,0x7e17a4269cd8aa63ce7a991484211e4be05927f9b59d5ee2263c7d4de08501b2,0xbcbfc07e6fb9eda4978f775b15e4b28b0d872053-0-4,False,True
433,DmsipJVrDXLswp17UmmNTAXSQkSWCTBMUEMtjJJSuZiG,1630062729,1645639991,True,True,STARL,0xbcbfc07e6fb9eda4978f775b15e4b28b0d872053,4,0x7e17a4269cd8aa63ce7a991484211e4be05927f9b59d5ee2263c7d4de08501b2,DmsipJVrDXLswp17UmmNTAXSQkSWCTBMUEMtjJJSuZiG-4,False,True
434,0xf603564765891d8ea629ceb77a51dd0abeb98dfb-0,1630349179,1645639991,True,True,Eden Network,0xf603564765891d8ea629ceb77a51dd0abeb98dfb,1,0x7b168245b097f7a547efadd5b36d2067eba1c2173d7e29325e084bfc41f97e64,0xf603564765891d8ea629ceb77a51dd0abeb98dfb-0-1,False,True
435,8Pkg1afS4UrewPJ97ZbQco5tW415oAvjt7YLAktrquNT,1630349179,1645639991,True,True,Eden Network,0xf603564765891d8ea629ceb77a51dd0abeb98dfb,1,0x7b168245b097f7a547efadd5b36d2067eba1c2173d7e29325e084bfc41f97e64,8Pkg1afS4UrewPJ97ZbQco5tW415oAvjt7YLAktrquNT-1,False,True
438,0x9d2d46e67c420147834c76b23c9bac485f114feb-0,1630565974,1650853436,True,True,elyfi,0x9d2d46e67c420147834c76b23c9bac485f114feb,1,0x191f92741fba791e7e47bedfcd8af351f517d415a5741a863027d3569692911c,0x9d2d46e67c420147834c76b23c9bac485f114feb-0-1,False,True
439,56zkjAwQ8Kq1MjmYm4Zxwe7bv8fGSwUCNBT7jcXi8nFn,1630565974,1650853436,True,True,elyfi,0x9d2d46e67c420147834c76b23c9bac485f114feb,1,0x191f92741fba791e7e47bedfcd8af351f517d415a5741a863027d3569692911c,56zkjAwQ8Kq1MjmYm4Zxwe7bv8fGSwUCNBT7jcXi8nFn-1,False,True
444,0x3f8c962eb167ad2f80c72b5f933511ccdf0719d4-0,1630618240,1645639205,True,True,known-origin,0x3f8c962eb167ad2f80c72b5f933511ccdf0719d4,0,0x8e1a3c97a0a6585c45a3ff9e7db8a3f304314c6334e591e3fe521f34e1ac844b,0x3f8c962eb167ad2f80c72b5f933511ccdf0719d4-0-0,False,True
445,CGZ1hQkiQXTyGLrAFH1yk3H8xPjBy6avbTB8rCLw9sJL,1630618240,1645639205,True,True,known-origin,0x3f8c962eb167ad2f80c72b5f933511ccdf0719d4,0,0x8e1a3c97a0a6585c45a3ff9e7db8a3f304314c6334e591e3fe521f34e1ac844b,CGZ1hQkiQXTyGLrAFH1yk3H8xPjBy6avbTB8rCLw9sJL-0,False,True
446,0xa7324ea37c1e954513ce826d147a3b6da4bb9cb3-1,1630635584,1645640243,True,True,ERC20-Token-Distribution@TR-Creation,0xa7324ea37c1e954513ce826d147a3b6da4bb9cb3,0,0xb45f9ae1c0807232f4afe0d51166f455ae99d7434911649e6b4df79b049b7333,0xa7324ea37c1e954513ce826d147a3b6da4bb9cb3-1-0,False,True
447,8ap7u2koo5pD4F5qwdo6xmpCttizXYhp1neEmXodG43X,1630635584,1645640243,True,True,ERC20-Token-Distribution@TR-Creation,0xa7324ea37c1e954513ce826d147a3b6da4bb9cb3,0,0xb45f9ae1c0807232f4afe0d51166f455ae99d7434911649e6b4df79b049b7333,8ap7u2koo5pD4F5qwdo6xmpCttizXYhp1neEmXodG43X-0,False,True
448,0x2f984721d255e98a4b014c2cd2655f4e3b52e538-0,1630665925,1645640161,True,True,simplefi-uniswap-v2,0x2f984721d255e98a4b014c2cd2655f4e3b52e538,0,0x31e0014aea830875591c5ad86175045d5bc0c955c13b85916f201a157ba6595d,0x2f984721d255e98a4b014c2cd2655f4e3b52e538-0-0,False,True
449,69pgtZnSQbaBZwFjMtRVqPYWBS4xXxn8a5SXNw7kS7Wn,1630665925,1645640161,True,True,simplefi-uniswap-v2,0x2f984721d255e98a4b014c2cd2655f4e3b52e538,0,0x31e0014aea830875591c5ad86175045d5bc0c955c13b85916f201a157ba6595d,69pgtZnSQbaBZwFjMtRVqPYWBS4xXxn8a5SXNw7kS7Wn-0,False,True
456,0xa60598889a76c997d72c94402fa9c8ee6a33eb00-0,1631034705,1645640578,True,True,SDAO Farming,0xa60598889a76c997d72c94402fa9c8ee6a33eb00,0,0x67031b7fd822e9d286705e2ca30a9e3236d35188dae746c56f15cb3d50a8e27e,0xa60598889a76c997d72c94402fa9c8ee6a33eb00-0-0,False,True
457,5ouodunFM58Pbs6yPUrGjamX7utZxxBWuc5eM6aL5QQs,1631034705,1645640578,True,True,SDAO Farming,0xa60598889a76c997d72c94402fa9c8ee6a33eb00,0,0x67031b7fd822e9d286705e2ca30a9e3236d35188dae746c56f15cb3d50a8e27e,5ouodunFM58Pbs6yPUrGjamX7utZxxBWuc5eM6aL5QQs-0,False,True
478,0xb2a33ae0e07fd2ca8dbde9545f6ce0b3234dc4e8-0,1631805214,1645639798,True,True,PoH,0xb2a33ae0e07fd2ca8dbde9545f6ce0b3234dc4e8,2,0x9e5f110feec4073bdb83e06ea5087d6a144e69d4a9bdc23f1d229673265958e2,0xb2a33ae0e07fd2ca8dbde9545f6ce0b3234dc4e8-0-2,False,True
479,CvzNejNZR2UTQ66wL7miGgfWh9dmiwgTtTfgQCBvMQRE,1631805214,1645639798,True,True,PoH,0xb2a33ae0e07fd2ca8dbde9545f6ce0b3234dc4e8,2,0x9e5f110feec4073bdb83e06ea5087d6a144e69d4a9bdc23f1d229673265958e2,CvzNejNZR2UTQ66wL7miGgfWh9dmiwgTtTfgQCBvMQRE-2,False,True
480,0xd584fe736e5aad97c437c579e884d15b17a54a51-0,1631977825,1645639798,True,True,Forgotten Runes Book of Lore,0xd584fe736e5aad97c437c579e884d15b17a54a51,0,0x70d9de09ba69a6c8dc73d3087001ec7ef96c984c4aa71e3bb31123504f5cdd29,0xd584fe736e5aad97c437c579e884d15b17a54a51-0-0,False,True
481,BHTkkcfxdRbKUQPF8F5mGCmvLAd7QyqrdVSserQRZzWF,1631977825,1645639798,True,True,Forgotten Runes Book of Lore,0xd584fe736e5aad97c437c579e884d15b17a54a51,0,0x70d9de09ba69a6c8dc73d3087001ec7ef96c984c4aa71e3bb31123504f5cdd29,BHTkkcfxdRbKUQPF8F5mGCmvLAd7QyqrdVSserQRZzWF-0,False,True
484,0xf04215481d77d1b706090d415f652818943fc80e-0,1632077152,1645640578,True,True,EnterDAO,0xf04215481d77d1b706090d415f652818943fc80e,0,0xecb5aff082598b200a1b988ccb12097c7af335c8effe247a8eda4200a42840ac,0xf04215481d77d1b706090d415f652818943fc80e-0-0,False,True
485,2BjSaVYbGPhx7DTK5VyoKB7z8Wr5kDtKrUpN9W5r2p1p,1632077152,1645640578,True,True,EnterDAO,0xf04215481d77d1b706090d415f652818943fc80e,0,0xecb5aff082598b200a1b988ccb12097c7af335c8effe247a8eda4200a42840ac,2BjSaVYbGPhx7DTK5VyoKB7z8Wr5kDtKrUpN9W5r2p1p-0,False,True
486,0xdf560264733b2c0d014c6a7e6698c57c6ae18176-0,1632120941,1645640243,True,True,Topx,0xdf560264733b2c0d014c6a7e6698c57c6ae18176,0,0x282f85d8c4f342b6c6a7fcc3b993f193bab864aa1a138150e59305ed3d5cd6fe,0xdf560264733b2c0d014c6a7e6698c57c6ae18176-0-0,False,True
487,8mX7FPRpNTFH19MNw4zLtcnVQroL3JnjynJVchMrcGgR,1632120941,1645640243,True,True,Topx,0xdf560264733b2c0d014c6a7e6698c57c6ae18176,0,0x282f85d8c4f342b6c6a7fcc3b993f193bab864aa1a138150e59305ed3d5cd6fe,8mX7FPRpNTFH19MNw4zLtcnVQroL3JnjynJVchMrcGgR-0,False,True
490,0x87e1237074760f57b424121edca06f082700dbc2-0,1632306167,1645639798,True,True,Nifty League,0x87e1237074760f57b424121edca06f082700dbc2,1,0x8e01ba7793e57b4f9a4e3d6c0c69e30f06934731297747d9030e1adac3eb577e,0x87e1237074760f57b424121edca06f082700dbc2-0-1,False,True
491,EmQrsWp5UgiwBVMHWys2i3DbzZMnAadf4qyjSXLnH7RS,1632306167,1645639798,True,True,Nifty League,0x87e1237074760f57b424121edca06f082700dbc2,1,0x8e01ba7793e57b4f9a4e3d6c0c69e30f06934731297747d9030e1adac3eb577e,EmQrsWp5UgiwBVMHWys2i3DbzZMnAadf4qyjSXLnH7RS-1,False,True
492,0x94fce8b94efae56bd0b4417919fa56d4b984144b-0,1632308605,1645640161,True,True,uniswap,0x94fce8b94efae56bd0b4417919fa56d4b984144b,0,0xcb9c2543ed3329fc9757e6bf92ead80fe14377fd82b9c216ca92ec68385213a7,0x94fce8b94efae56bd0b4417919fa56d4b984144b-0-0,False,True
493,BP7dBxrRHCfVDJCxRbDKmX4nNLajnypaVtEx9ATQyHJT,1632308605,1645640161,True,True,uniswap,0x94fce8b94efae56bd0b4417919fa56d4b984144b,0,0xcb9c2543ed3329fc9757e6bf92ead80fe14377fd82b9c216ca92ec68385213a7,BP7dBxrRHCfVDJCxRbDKmX4nNLajnypaVtEx9ATQyHJT-0,False,True
504,0xbeb1faa6e7e39c7d9bdab03a7a362fe9d73d7c61-1,1632852222,1645640243,True,True,random1,0xbeb1faa6e7e39c7d9bdab03a7a362fe9d73d7c61,0,0x079fcde811f88407fc67787df747942685b4f5b8ca85d54724056c091a01f61a,0xbeb1faa6e7e39c7d9bdab03a7a362fe9d73d7c61-1-0,False,True
505,2fnYBGzuVn57AdQiVhqNywrBGvoPZXLkyT2n4d5dUpzg,1632852222,1645640243,True,True,random1,0xbeb1faa6e7e39c7d9bdab03a7a362fe9d73d7c61,0,0x079fcde811f88407fc67787df747942685b4f5b8ca85d54724056c091a01f61a,2fnYBGzuVn57AdQiVhqNywrBGvoPZXLkyT2n4d5dUpzg-0,False,True
522,0x7dc6f99be5cf16d605bedf237771413aaa3021b1-0,1634291187,1645639922,True,True,khala-chainbridge,0x7dc6f99be5cf16d605bedf237771413aaa3021b1,2,0x492bd629284fa5208730fe5e95fc9e728d7cb8295d1504a89ef20a5bd0759a16,0x7dc6f99be5cf16d605bedf237771413aaa3021b1-0-2,False,True
523,J36w3WY33Gvzvwn9FY7jsKDXbEcFshsNojzZe9vZGtB9,1634291187,1645639922,True,True,khala-chainbridge,0x7dc6f99be5cf16d605bedf237771413aaa3021b1,2,0x492bd629284fa5208730fe5e95fc9e728d7cb8295d1504a89ef20a5bd0759a16,J36w3WY33Gvzvwn9FY7jsKDXbEcFshsNojzZe9vZGtB9-2,False,True
530,0x11cdfcb54576d5990219c426bf2c630115a2012a-0,1634877087,1645640243,True,True,ourz-mainnet,0x11cdfcb54576d5990219c426bf2c630115a2012a,0,0x0952d2bbe6c95a678fa83582b59e495244159dc5ab02e3d84d9e995b9c35b83e,0x11cdfcb54576d5990219c426bf2c630115a2012a-0-0,False,True
531,Bbv7bepXkqDW4YPxmFFURKsMRmV9qHSp73vvjxR9RWmM,1634877087,1645640243,True,True,ourz-mainnet,0x11cdfcb54576d5990219c426bf2c630115a2012a,0,0x0952d2bbe6c95a678fa83582b59e495244159dc5ab02e3d84d9e995b9c35b83e,Bbv7bepXkqDW4YPxmFFURKsMRmV9qHSp73vvjxR9RWmM-0,False,True
532,0xae009d532328ff09e09e5d506ab5bbec3c25c0ff-0,1635078904,1649628407,True,True,Slice,0xae009d532328ff09e09e5d506ab5bbec3c25c0ff,1,0x96bac6fa48c54a0fb27addcc53ef254703ebb9340bfc97a1cf5f4055068b30f1,0xae009d532328ff09e09e5d506ab5bbec3c25c0ff-0-1,False,True
533,3Q6UgaBfLwnTtaXtWMpzaXv4PmbfrP8L9N64dmXeo2gb,1635078904,1649628407,True,True,Slice,0xae009d532328ff09e09e5d506ab5bbec3c25c0ff,1,0x96bac6fa48c54a0fb27addcc53ef254703ebb9340bfc97a1cf5f4055068b30f1,3Q6UgaBfLwnTtaXtWMpzaXv4PmbfrP8L9N64dmXeo2gb-1,False,True
534,0xfda9365e2cdf21d72cb0dc4f5ff46f29e4ac59ce-0,1635082610,1645639991,True,True,inverse-subgraph,0xfda9365e2cdf21d72cb0dc4f5ff46f29e4ac59ce,0,0x3cb8afffa8287366171570f65cae0584de2f8c8c611b7c969804154fabfc21b4,0xfda9365e2cdf21d72cb0dc4f5ff46f29e4ac59ce-0-0,False,True
535,78kqSQgaXhtfypzCE1uoB6tTCdgynowp5574ADL6RQrS,1635082610,1645639991,True,True,inverse-subgraph,0xfda9365e2cdf21d72cb0dc4f5ff46f29e4ac59ce,0,0x3cb8afffa8287366171570f65cae0584de2f8c8c611b7c969804154fabfc21b4,78kqSQgaXhtfypzCE1uoB6tTCdgynowp5574ADL6RQrS-0,False,True
540,0xac113a863e871ca007dd1be8be12563602502a6d-0,1635595764,1646542830,True,True,PolkaBridge AMM-V1,0xac113a863e871ca007dd1be8be12563602502a6d,3,0xd7273afdea0346c07136953546b1cc95e919083a625ab3ab69b8a6d58e745634,0xac113a863e871ca007dd1be8be12563602502a6d-0-3,False,True
541,4CUsiX9vBdi7FUwn28JEqzjuCumMrEzvBtctHQZmGiEt,1635595764,1646542830,True,True,PolkaBridge AMM-V1,0xac113a863e871ca007dd1be8be12563602502a6d,3,0xd7273afdea0346c07136953546b1cc95e919083a625ab3ab69b8a6d58e745634,4CUsiX9vBdi7FUwn28JEqzjuCumMrEzvBtctHQZmGiEt-3,False,True
542,0x5ca1ea5549e4e7cb64ae35225e11865d2572b3f9-0,1635789557,1635903278,False,False,premia-mainnet,0x5ca1ea5549e4e7cb64ae35225e11865d2572b3f9,0,0x057f5b6166b15a930653ecd7b5b24dedd1b01b4afc98e61b2af7570ba47aa12a,0x5ca1ea5549e4e7cb64ae35225e11865d2572b3f9-0-0,False,True
543,DSpmdAKr3pzkcU5R6NgreBsYabdkY9C5ocBbP9Sk4FAA,1635789557,1635903278,False,False,premia-mainnet,0x5ca1ea5549e4e7cb64ae35225e11865d2572b3f9,0,0x057f5b6166b15a930653ecd7b5b24dedd1b01b4afc98e61b2af7570ba47aa12a,DSpmdAKr3pzkcU5R6NgreBsYabdkY9C5ocBbP9Sk4FAA-0,False,True
544,0x5ca1ea5549e4e7cb64ae35225e11865d2572b3f9-1,1635799894,1648409430,True,True,premia-mainnet,0x5ca1ea5549e4e7cb64ae35225e11865d2572b3f9,3,0x6c98e282240acd70d6aff0b6c7bdbe1dc475951e1e6ddd9711f075003a8f979a,0x5ca1ea5549e4e7cb64ae35225e11865d2572b3f9-1-3,False,True
545,3nXfK3RbFrj6mhkGdoKRowEEti2WvmUdxmz73tben6Mb,1635799894,1648409430,True,True,premia-mainnet,0x5ca1ea5549e4e7cb64ae35225e11865d2572b3f9,3,0x6c98e282240acd70d6aff0b6c7bdbe1dc475951e1e6ddd9711f075003a8f979a,3nXfK3RbFrj6mhkGdoKRowEEti2WvmUdxmz73tben6Mb-3,False,True
546,0x81919659ee08c4a36eec956ef3170caaa415aff9-0,1635933506,1645640161,True,True,FIAT-DAO-subgraph,0x81919659ee08c4a36eec956ef3170caaa415aff9,0,0xcecff107b3c1789b85fec3202b2e27a9b254e5c190575a33a0e6bbf61a57c893,0x81919659ee08c4a36eec956ef3170caaa415aff9-0-0,False,True
547,FVdvKZLcbyjZZTH8PB5ydcNWYyatDz6CjJvrnCcDo7oT,1635933506,1645640161,True,True,FIAT-DAO-subgraph,0x81919659ee08c4a36eec956ef3170caaa415aff9,0,0xcecff107b3c1789b85fec3202b2e27a9b254e5c190575a33a0e6bbf61a57c893,FVdvKZLcbyjZZTH8PB5ydcNWYyatDz6CjJvrnCcDo7oT-0,False,True
548,0x870b97ce052fa9a679dc9e3d3f93a101e6923297-0,1636016208,1645641009,True,True,Trlab-subgraph,0x870b97ce052fa9a679dc9e3d3f93a101e6923297,0,0x0c34271cf602bb2dc830104cc9f5afcf748df1136f9b6d8f19f59a7ae2117bc7,0x870b97ce052fa9a679dc9e3d3f93a101e6923297-0-0,False,True
549,8LK3PeHymXdEsGkNcSA1v5K6UbF7jkTy9tjWsWVruCHU,1636016208,1645641009,True,True,Trlab-subgraph,0x870b97ce052fa9a679dc9e3d3f93a101e6923297,0,0x0c34271cf602bb2dc830104cc9f5afcf748df1136f9b6d8f19f59a7ae2117bc7,8LK3PeHymXdEsGkNcSA1v5K6UbF7jkTy9tjWsWVruCHU-0,False,True
550,0x066ea4963c2ee8dc1a1233ab5e7335a3a587cf11-0,1636310911,1645639922,True,True,Koans,0x066ea4963c2ee8dc1a1233ab5e7335a3a587cf11,0,0x6d8691ba43ffb861eb2e22fe4a11c47e0dfcea88198d51c96fbc05c0d7f128c4,0x066ea4963c2ee8dc1a1233ab5e7335a3a587cf11-0-0,False,True
551,FdFe7AChYUAgZ45zVqVs2TC1YedrkygZP5Lho15ZbfR1,1636310911,1645639922,True,True,Koans,0x066ea4963c2ee8dc1a1233ab5e7335a3a587cf11,0,0x6d8691ba43ffb861eb2e22fe4a11c47e0dfcea88198d51c96fbc05c0d7f128c4,FdFe7AChYUAgZ45zVqVs2TC1YedrkygZP5Lho15ZbfR1-0,False,True
552,0xa508c16666c5b8981fa46eb32784fccc01942a71-3,1636345836,1645639619,True,True,Rocket Pool,0xa508c16666c5b8981fa46eb32784fccc01942a71,0,0x4fd7239c7738d7efe79cdfca8ce3ada9458eb1790f431f81b3f0ec819958c3a7,0xa508c16666c5b8981fa46eb32784fccc01942a71-3-0,False,True
553,S9ihna8D733WTEShJ1KctSTCvY1VJ7gdVwhUujq4Ejo,1636345836,1645639619,True,True,Rocket Pool,0xa508c16666c5b8981fa46eb32784fccc01942a71,0,0x4fd7239c7738d7efe79cdfca8ce3ada9458eb1790f431f81b3f0ec819958c3a7,S9ihna8D733WTEShJ1KctSTCvY1VJ7gdVwhUujq4Ejo-0,False,True
558,0x870b97ce052fa9a679dc9e3d3f93a101e6923297-1,1636605538,1645639922,True,True,TRLab-Mainnet,0x870b97ce052fa9a679dc9e3d3f93a101e6923297,0,0x6d2f4e0ec088fe8d59bbd92d365d1c0f02efa5e12e9cedd6fc022034fff24ab6,0x870b97ce052fa9a679dc9e3d3f93a101e6923297-1-0,False,True
559,5aZjVbuBBDRGCA1UAc1r1YM9Mki3U9bwrGRWXJxPBM8R,1636605538,1645639922,True,True,TRLab-Mainnet,0x870b97ce052fa9a679dc9e3d3f93a101e6923297,0,0x6d2f4e0ec088fe8d59bbd92d365d1c0f02efa5e12e9cedd6fc022034fff24ab6,5aZjVbuBBDRGCA1UAc1r1YM9Mki3U9bwrGRWXJxPBM8R-0,False,True
564,0x170e0516f858e187e43c50a926c5d22157991fa4-0,1637802657,1645639922,True,True,CryptoArt Ai,0x170e0516f858e187e43c50a926c5d22157991fa4,0,0x5312d840d5bd0871742565680135d84d1e447a0b309c7a765c3963db845ed328,0x170e0516f858e187e43c50a926c5d22157991fa4-0-0,False,True
565,A6ZsfMMsR263kAnFeDtvGzsoXpBuT1WdNwHitYecQQF9,1637802657,1645639922,True,True,CryptoArt Ai,0x170e0516f858e187e43c50a926c5d22157991fa4,0,0x5312d840d5bd0871742565680135d84d1e447a0b309c7a765c3963db845ed328,A6ZsfMMsR263kAnFeDtvGzsoXpBuT1WdNwHitYecQQF9-0,False,True
572,0xd09671619223b505418fbf63d180ccce52e2255d-0,1638185023,1645866314,True,True,Blocksquare,0xd09671619223b505418fbf63d180ccce52e2255d,1,0xc91fa0f948f22fc4665c0408e27ed81ac9d813c94c08a0ad3c40370add68e076,0xd09671619223b505418fbf63d180ccce52e2255d-0-1,False,True
573,FFszBuEbafneXy6LJ3fm9Vj4NCC77nVnhzehdn3vY5yW,1638185023,1645866314,True,True,Blocksquare,0xd09671619223b505418fbf63d180ccce52e2255d,1,0xc91fa0f948f22fc4665c0408e27ed81ac9d813c94c08a0ad3c40370add68e076,FFszBuEbafneXy6LJ3fm9Vj4NCC77nVnhzehdn3vY5yW-1,False,True
574,0x3f4e2cfe11aa607570e0aee7ac74fbff9633fa8e-0,1638213857,1648751272,True,True,orca-protocol,0x3f4e2cfe11aa607570e0aee7ac74fbff9633fa8e,5,0x30d1d5c9b8bd0f09746525d077d6d6a6a79af15ee7b164ef2defb8b31e407efc,0x3f4e2cfe11aa607570e0aee7ac74fbff9633fa8e-0-5,False,True
575,3d9m1BPre8pEknjPNMyMbNYYgb1vb672D9SSRm9n5a6s,1638213857,1648751272,True,True,orca-protocol,0x3f4e2cfe11aa607570e0aee7ac74fbff9633fa8e,5,0x30d1d5c9b8bd0f09746525d077d6d6a6a79af15ee7b164ef2defb8b31e407efc,3d9m1BPre8pEknjPNMyMbNYYgb1vb672D9SSRm9n5a6s-5,False,True
580,0xdeadc3c69e54d9108b40ca10540ea446f1f7481e-0,1638963984,1645640020,True,True,foxgame,0xdeadc3c69e54d9108b40ca10540ea446f1f7481e,1,0xc9091d02ad14984cb34b3e898cdbf082cc25c52fa93388fd1e7caa74ec5428ed,0xdeadc3c69e54d9108b40ca10540ea446f1f7481e-0-1,False,True
581,GNGbNnrJza5eUmfwDJiNp2B8J1XpCoMURJqtHjMkqaU3,1638963984,1645640020,True,True,foxgame,0xdeadc3c69e54d9108b40ca10540ea446f1f7481e,1,0xc9091d02ad14984cb34b3e898cdbf082cc25c52fa93388fd1e7caa74ec5428ed,GNGbNnrJza5eUmfwDJiNp2B8J1XpCoMURJqtHjMkqaU3-1,False,True
582,0x1cce53bb9562407a4a816d732584ebea4dabf71d-0,1639062748,1645639991,True,True,The Vampire Game,0x1cce53bb9562407a4a816d732584ebea4dabf71d,0,0x8aa1ea29d71ee04cbb899aead50ddae332482c74a510d81647cc01ddc7cfcfc2,0x1cce53bb9562407a4a816d732584ebea4dabf71d-0-0,False,True
583,BbHLyXNo879SmdszyQp5pYw2ED1XUXVGAYJzX5qxqVC5,1639062748,1645639991,True,True,The Vampire Game,0x1cce53bb9562407a4a816d732584ebea4dabf71d,0,0x8aa1ea29d71ee04cbb899aead50ddae332482c74a510d81647cc01ddc7cfcfc2,BbHLyXNo879SmdszyQp5pYw2ED1XUXVGAYJzX5qxqVC5-0,False,True
590,0xd9aa2a54853c717c9118377a0ef8efc3971bc0bd-0,1640273075,1645639922,True,True,Uniswap V3,0xd9aa2a54853c717c9118377a0ef8efc3971bc0bd,0,0x5996c27ecb26e11cb3f5c913f354a69cd7830301b5f0929211d39e51ea7a6d63,0xd9aa2a54853c717c9118377a0ef8efc3971bc0bd-0-0,False,True
591,J2rE1w6gd3GD5f8p73iGbRvA1KSWRUFuouBtdmPXNZeE,1640273075,1645639922,True,True,Uniswap V3,0xd9aa2a54853c717c9118377a0ef8efc3971bc0bd,0,0x5996c27ecb26e11cb3f5c913f354a69cd7830301b5f0929211d39e51ea7a6d63,J2rE1w6gd3GD5f8p73iGbRvA1KSWRUFuouBtdmPXNZeE-0,False,True
596,0xa508c16666c5b8981fa46eb32784fccc01942a71-4,1640580554,1645640020,True,True,Gas Tracker,0xa508c16666c5b8981fa46eb32784fccc01942a71,1,0xb2c29b0f2810d55ea14ad704566084d443d24fecacf2464a48f82a7e0de838b1,0xa508c16666c5b8981fa46eb32784fccc01942a71-4-1,False,True
597,4oZC8eETdHshzyMySbvaXmH8p44E6wCbEYsKaFuijhRK,1640580554,1645640020,True,True,Gas Tracker,0xa508c16666c5b8981fa46eb32784fccc01942a71,1,0xb2c29b0f2810d55ea14ad704566084d443d24fecacf2464a48f82a7e0de838b1,4oZC8eETdHshzyMySbvaXmH8p44E6wCbEYsKaFuijhRK-1,False,True
598,0xfc49aa70544a58be7a149bb67d279db3459b31f9-0,1640633332,1648038684,True,True,Dissrup,0xfc49aa70544a58be7a149bb67d279db3459b31f9,1,0x9d7dfb05d7d39f6ce34dc9e19eff804c2dce8dd863a02c14ea736c3d9753b2f3,0xfc49aa70544a58be7a149bb67d279db3459b31f9-0-1,False,True
599,BV7hZNWqngXKrWdnnvFvGc9YkSZAX6P4EdwPyyPVzBjC,1640633332,1648038684,True,True,Dissrup,0xfc49aa70544a58be7a149bb67d279db3459b31f9,1,0x9d7dfb05d7d39f6ce34dc9e19eff804c2dce8dd863a02c14ea736c3d9753b2f3,BV7hZNWqngXKrWdnnvFvGc9YkSZAX6P4EdwPyyPVzBjC-1,False,True
600,0x2c0a5ed29d463f6c6180ff4dadab248158b6da5b-0,1641180290,1645641068,True,True,Terraforms,0x2c0a5ed29d463f6c6180ff4dadab248158b6da5b,0,0xfec723122fdc2056492e28082cc338de22e20359583bf8e42eae461c4ef1fefb,0x2c0a5ed29d463f6c6180ff4dadab248158b6da5b-0-0,False,True
601,H6dHahSHWrwDhr7r6NLh9UbbBzJ6SVq2gSivhq9U9riy,1641180290,1645641068,True,True,Terraforms,0x2c0a5ed29d463f6c6180ff4dadab248158b6da5b,0,0xfec723122fdc2056492e28082cc338de22e20359583bf8e42eae461c4ef1fefb,H6dHahSHWrwDhr7r6NLh9UbbBzJ6SVq2gSivhq9U9riy-0,False,True
606,0xb8eb85e5e47561b3f345fc23a7ee9a1d6113f5d3-0,1641844575,1645639205,True,True,soundMint SubGraph,0xb8eb85e5e47561b3f345fc23a7ee9a1d6113f5d3,1,0x7aed920995cc697607d2b99e336057cc73df31ea7e31bfb5c233f2a0ba2edb70,0xb8eb85e5e47561b3f345fc23a7ee9a1d6113f5d3-0-1,False,True
607,HLDvk6DMYbTYDCy7Yc8aQUHWwUdn4UWjhZp91B5Qc1GV,1641844575,1645639205,True,True,soundMint SubGraph,0xb8eb85e5e47561b3f345fc23a7ee9a1d6113f5d3,1,0x7aed920995cc697607d2b99e336057cc73df31ea7e31bfb5c233f2a0ba2edb70,HLDvk6DMYbTYDCy7Yc8aQUHWwUdn4UWjhZp91B5Qc1GV-1,False,True
612,0x78352d404896602b1a5fe58781ebac4f6d7211c7-0,1642648660,1645640161,True,True,cnm-mainnet,0x78352d404896602b1a5fe58781ebac4f6d7211c7,0,0xb95e9bedc31f1642187b324df50529624ce4a908a95f23e0abb6861dcf372392,0x78352d404896602b1a5fe58781ebac4f6d7211c7-0-0,False,True
613,AbStLrNuVRr4BpqEbwdWKisS3SfZzFr1V14JHjnkPte1,1642648660,1645640161,True,True,cnm-mainnet,0x78352d404896602b1a5fe58781ebac4f6d7211c7,0,0xb95e9bedc31f1642187b324df50529624ce4a908a95f23e0abb6861dcf372392,AbStLrNuVRr4BpqEbwdWKisS3SfZzFr1V14JHjnkPte1-0,False,True
616,0x9fad2b66f68e48ff16e107849ed5504117f34bbe-0,1642993631,1645640020,True,True,nft-owners,0x9fad2b66f68e48ff16e107849ed5504117f34bbe,0,0xdc16ca0a80be35da04634253d20a3c63dbe549f387dea021923b9fad4d1a84a9,0x9fad2b66f68e48ff16e107849ed5504117f34bbe-0-0,False,True
617,3yuJrwpMiubZEJCBpqETEDobMYykYfwvDQZ5EkTVN5Nz,1642993631,1645640020,True,True,nft-owners,0x9fad2b66f68e48ff16e107849ed5504117f34bbe,0,0xdc16ca0a80be35da04634253d20a3c63dbe549f387dea021923b9fad4d1a84a9,3yuJrwpMiubZEJCBpqETEDobMYykYfwvDQZ5EkTVN5Nz-0,False,True
618,0x235a2ac113014f9dcb8aba6577f20290832ddefd-0,1643607016,1649688126,True,True,HaloDAO Exchange,0x235a2ac113014f9dcb8aba6577f20290832ddefd,1,0x3a7eb2c4be92ceb40402ba05a357ba291860c70626cb2afdefd59adff8519d10,0x235a2ac113014f9dcb8aba6577f20290832ddefd-0-1,False,True
619,GNWVrcrjYSszMk6zNrRBAnDCx3Mg6iSu7u5276VXShxP,1643607016,1649688126,True,True,HaloDAO Exchange,0x235a2ac113014f9dcb8aba6577f20290832ddefd,1,0x3a7eb2c4be92ceb40402ba05a357ba291860c70626cb2afdefd59adff8519d10,GNWVrcrjYSszMk6zNrRBAnDCx3Mg6iSu7u5276VXShxP-1,False,True
624,0xc07f09f2a03e2a3cac8295b233cb617ed710e698-0,1644589253,1646756923,True,True,web3Index,0xc07f09f2a03e2a3cac8295b233cb617ed710e698,1,0x1a7691a3613dd08a0653c2a0ac5d1d59684b2fd267a50eca1d0d5a73694f4109,0xc07f09f2a03e2a3cac8295b233cb617ed710e698-0-1,False,True
625,5WHJhK3TW4zAc3d3KaNXwmPjRAyRqibTqzFhiRrWVWWg,1644589253,1646756923,True,True,web3Index,0xc07f09f2a03e2a3cac8295b233cb617ed710e698,1,0x1a7691a3613dd08a0653c2a0ac5d1d59684b2fd267a50eca1d0d5a73694f4109,5WHJhK3TW4zAc3d3KaNXwmPjRAyRqibTqzFhiRrWVWWg-1,False,True
628,0xf3aad4a61424a35c3f08978b07a3bd28816b40b9-0,1644657933,1645640243,True,True,test-0211-ms1,0xf3aad4a61424a35c3f08978b07a3bd28816b40b9,0,0x0b8fbf1d5a9f99e0916ca00b05cb0d023702b1a555525c12179e739f331757a0,0xf3aad4a61424a35c3f08978b07a3bd28816b40b9-0-0,False,True
629,65hYnPUmRSTQcPVDj3TC6iZwUb1KThog4tyw9yRHESfR,1644657933,1645640243,True,True,test-0211-ms1,0xf3aad4a61424a35c3f08978b07a3bd28816b40b9,0,0x0b8fbf1d5a9f99e0916ca00b05cb0d023702b1a555525c12179e739f331757a0,65hYnPUmRSTQcPVDj3TC6iZwUb1KThog4tyw9yRHESfR-0,False,True
630,0xb9a9904ef43ea72814db004c24c08311257d9a52-0,1644741582,1645640161,True,True,openleverage-subgraph,0xb9a9904ef43ea72814db004c24c08311257d9a52,1,0x153ec9c2265b59a0d258f9e5b36452d0208889a5f933afa695bbb11f8be05948,0xb9a9904ef43ea72814db004c24c08311257d9a52-0-1,False,True
631,2ufMkde6SRN8CdGFrfdkBcsMWRaNZiUT24MPAa59XZhU,1644741582,1645640161,True,True,openleverage-subgraph,0xb9a9904ef43ea72814db004c24c08311257d9a52,1,0x153ec9c2265b59a0d258f9e5b36452d0208889a5f933afa695bbb11f8be05948,2ufMkde6SRN8CdGFrfdkBcsMWRaNZiUT24MPAa59XZhU-1,False,True
634,0x378bcce7235d53bbc3774bff8559191f06e6818e-0,1645063574,1645639619,True,True,Tux V1,0x378bcce7235d53bbc3774bff8559191f06e6818e,3,0xde305ebbee76724952aa2bcedd849287218f903190823c610f8c9908a5b1c1a7,0x378bcce7235d53bbc3774bff8559191f06e6818e-0-3,False,True
635,6rzqYuTzvHhimA2eoAwaY2XaWwFmNBztvhjX9iz4TBU4,1645063574,1645639619,True,True,Tux V1,0x378bcce7235d53bbc3774bff8559191f06e6818e,3,0xde305ebbee76724952aa2bcedd849287218f903190823c610f8c9908a5b1c1a7,6rzqYuTzvHhimA2eoAwaY2XaWwFmNBztvhjX9iz4TBU4-3,False,True
636,0x724e08c98256a570aadbac6d20c1b9ccce208f28-0,1645132397,1645639619,True,True,Opyn Squeeth,0x724e08c98256a570aadbac6d20c1b9ccce208f28,0,0x9273d62f85e6b5ca11d44e73344c9e84e49c233375a676a1c3e44f264f40e131,0x724e08c98256a570aadbac6d20c1b9ccce208f28-0-0,False,True
637,Ao1QSKEQzsnNyyGKR1Faurjmkr6oNVTbgdxy6diAw9r,1645132397,1645639619,True,True,Opyn Squeeth,0x724e08c98256a570aadbac6d20c1b9ccce208f28,0,0x9273d62f85e6b5ca11d44e73344c9e84e49c233375a676a1c3e44f264f40e131,Ao1QSKEQzsnNyyGKR1Faurjmkr6oNVTbgdxy6diAw9r-0,False,True
638,0x7316128a0bd12de69077549cf91b91ff38941d13-0,1645136137,1645639619,True,True,Emblem The Graph Badges,0x7316128a0bd12de69077549cf91b91ff38941d13,0,0x66b8f5c7569d0a1243428ebf1912ec1a7c33081fd2ef418228a18deb4acc98f1,0x7316128a0bd12de69077549cf91b91ff38941d13-0-0,False,True
639,BKWqzRUajb4zK3X8LwwEACH2tVgprgEE8ZdsHdknxQEk,1645136137,1645639619,True,True,Emblem The Graph Badges,0x7316128a0bd12de69077549cf91b91ff38941d13,0,0x66b8f5c7569d0a1243428ebf1912ec1a7c33081fd2ef418228a18deb4acc98f1,BKWqzRUajb4zK3X8LwwEACH2tVgprgEE8ZdsHdknxQEk-0,False,True
640,0x6e48eb8b629725110d86641253a7b9e1f01b3acd-0,1645216819,1648499157,True,True,Hop Protocol Mainnet,0x6e48eb8b629725110d86641253a7b9e1f01b3acd,1,0xe38339f1ed253e87deacd7d21ada20bb414fa9958d3ddd80f1e39aa724f76224,0x6e48eb8b629725110d86641253a7b9e1f01b3acd-0-1,False,True
641,Cjv3tykF4wnd6m9TRmQV7weiLjizDnhyt6x2tTJB42Cy,1645216819,1648499157,True,True,Hop Protocol Mainnet,0x6e48eb8b629725110d86641253a7b9e1f01b3acd,1,0xe38339f1ed253e87deacd7d21ada20bb414fa9958d3ddd80f1e39aa724f76224,Cjv3tykF4wnd6m9TRmQV7weiLjizDnhyt6x2tTJB42Cy-1,False,True
642,0xd004e03bb12b4422bc3e02ce315c65dc9d82cd49-0,1645308674,1646421313,True,True,POAP Ethereum Mainnet,0xd004e03bb12b4422bc3e02ce315c65dc9d82cd49,0,0x1bd330d2a8d041b6538ef60f8cf6327bc9ba520bdd104ea4e15fcc3a31cf1fc7,0xd004e03bb12b4422bc3e02ce315c65dc9d82cd49-0-0,False,True
643,3wrR9hnVGJvVhgdBsTywu9Xnu5sntVKWwphuossQmuV8,1645308674,1646421313,True,True,POAP Ethereum Mainnet,0xd004e03bb12b4422bc3e02ce315c65dc9d82cd49,0,0x1bd330d2a8d041b6538ef60f8cf6327bc9ba520bdd104ea4e15fcc3a31cf1fc7,3wrR9hnVGJvVhgdBsTywu9Xnu5sntVKWwphuossQmuV8-0,False,True
646,0x5068e62f34b319b6b3cce4d934a59743611b5f4e-0,1645397367,1645640161,True,True,Gravity,0x5068e62f34b319b6b3cce4d934a59743611b5f4e,0,0x60fd00f588e7c2be98d6bfe9241ce0dee2ee1487d94a0e1cb0503dc71222ea8a,0x5068e62f34b319b6b3cce4d934a59743611b5f4e-0-0,False,True
647,CCsorjbmFn6h4uCjbHShpWKewMe4FhK3aJ65CTCbjPWw,1645397367,1645640161,True,True,Gravity,0x5068e62f34b319b6b3cce4d934a59743611b5f4e,0,0x60fd00f588e7c2be98d6bfe9241ce0dee2ee1487d94a0e1cb0503dc71222ea8a,CCsorjbmFn6h4uCjbHShpWKewMe4FhK3aJ65CTCbjPWw-0,False,True
648,0xd09671619223b505418fbf63d180ccce52e2255d-1,1645454861,1648039439,True,True,Oceanpoint by Blocksquare,0xd09671619223b505418fbf63d180ccce52e2255d,1,0x5b1192f3fb8ec9ddaeac97b69914424fc6fc1479cd4fa11386e14a37939aa6a5,0xd09671619223b505418fbf63d180ccce52e2255d-1-1,False,True
649,EoFDmpejN3Js4VUiDxLJVTzQBJq4f4Ha1rmgetostZvJ,1645454861,1648039439,True,True,Oceanpoint by Blocksquare,0xd09671619223b505418fbf63d180ccce52e2255d,1,0x5b1192f3fb8ec9ddaeac97b69914424fc6fc1479cd4fa11386e14a37939aa6a5,EoFDmpejN3Js4VUiDxLJVTzQBJq4f4Ha1rmgetostZvJ-1,False,True
650,0xbeb1faa6e7e39c7d9bdab03a7a362fe9d73d7c61-3,1645564696,1645640243,True,True,transfer,0xbeb1faa6e7e39c7d9bdab03a7a362fe9d73d7c61,0,0xb1192b7b92e5dd783741a79fcc1c408ab5a024ea5f824454118c344ceffb832b,0xbeb1faa6e7e39c7d9bdab03a7a362fe9d73d7c61-3-0,False,True
651,28nDw81JGUrPQHHo5zwEwYnnKnxtXjth7abvkfthR9ax,1645564696,1645640243,True,True,transfer,0xbeb1faa6e7e39c7d9bdab03a7a362fe9d73d7c61,0,0xb1192b7b92e5dd783741a79fcc1c408ab5a024ea5f824454118c344ceffb832b,28nDw81JGUrPQHHo5zwEwYnnKnxtXjth7abvkfthR9ax-0,False,True
652,0xbeb1faa6e7e39c7d9bdab03a7a362fe9d73d7c61-4,1645570037,1645639251,True,True,Transfer Test Again,0xac7f6653186f4013fba9502236934c4156883240,2,0x940623a1daf874652947ae145fde51ba2b8b88faa8e26cbc833141749cc22408,0xbeb1faa6e7e39c7d9bdab03a7a362fe9d73d7c61-4-2,False,True
653,BR6Ns4yMJ7nSFgtGpuX5XTbLSLPVHcMG2BYVF6zw8qwv,1645570037,1645639251,True,True,Transfer Test Again,0xac7f6653186f4013fba9502236934c4156883240,2,0x940623a1daf874652947ae145fde51ba2b8b88faa8e26cbc833141749cc22408,BR6Ns4yMJ7nSFgtGpuX5XTbLSLPVHcMG2BYVF6zw8qwv-2,False,True
656,7c3QQjRtM9BVeibjZqWoaH51VVJdb6CHBT8N8UcmtAo5,1645638127,1645638127,True,True,TO,0x994a42f111645c33ff24926450ccab4cfc9a4770,0,0x40d514a7165a1defde542187dce630515eb0fda19933448ffdb9e20394cc13a1,7c3QQjRtM9BVeibjZqWoaH51VVJdb6CHBT8N8UcmtAo5-0,False,True
658,7uEwnMS2iUNS2dqFMKSWnAA5ghe2fUCNUcYfwXpNc4eP,1645665803,1645665803,True,True,lexplorer,0x36cd6b3b9329c04df55d55d41c257a5fdd387acd,0,0xcf580982edf40ca9006424b117f8392c5f02766f4f8bb2d120dde49b37b04a92,7uEwnMS2iUNS2dqFMKSWnAA5ghe2fUCNUcYfwXpNc4eP-0,False,True
659,235Fq8MpzFbQjHE8fz1mUKHSgRiHyugxDc5sToJpXRbx,1645693857,1645769672,True,True,Deprecated IronBank,0x0501be0da35990fbf5c434c29186a7966846c0d5,0,0x1ff1956267961f8f06a90f41514d5d58a3846d0595fdbe946600afc00fc9881e,235Fq8MpzFbQjHE8fz1mUKHSgRiHyugxDc5sToJpXRbx-0,False,True
661,9Vd3bvPUVDRWHSZ2kfG16ppTiukCspDQ5o6wkB6UeVgd,1646054323,1648902541,True,True,FloorDAO,0xfcb576bc8ee187945fa00f0daa7bbe9c1b51b0c9,2,0x8cd84fa423445762d9fbfe255b67e96a30f2370817f746796b785ce23d18e120,9Vd3bvPUVDRWHSZ2kfG16ppTiukCspDQ5o6wkB6UeVgd-2,False,True
662,3BKe1G9sy7cFS5SdEMvCWkD5wXoJ7N3pLbrnimMAbuWA,1646188173,1646210784,True,True,looksrare-historical-data,0xe5903117222cd6e87deaa0cb60b3e394896645ae,0,0x21464e870e7bdb78d0bc98b7a06bfa1f2adb2c0165fda5600069f6fc30a4ad26,3BKe1G9sy7cFS5SdEMvCWkD5wXoJ7N3pLbrnimMAbuWA-0,False,True
666,AdLbReMZHHHhoKH1s2EcBQ4QrHPTaKqYyriKFJxSxwKm,1646544311,1646607170,True,True,starcatcher-ia1,0x239f4b81f1b54ee89a506c98b34a4ff6b012f8e7,1,0x4bd55de6895c60dd6eafe921f846ad4cee1b2dfaebb5edc657c8c6e6a3708996,AdLbReMZHHHhoKH1s2EcBQ4QrHPTaKqYyriKFJxSxwKm-1,False,True
669,3WFXNz46rk4iuVgsBybcGtxMa4cbHkBLfuSjUvvqs2MD,1646863388,1646863388,True,True,Ethereum Blocks,0x4bb4c1b0745ef7b4642feeccd0740dec417ca0a0,0,0xd7fb49137a23fcee30010e79422660cf227481677f92d229421b473babc896e6,3WFXNz46rk4iuVgsBybcGtxMa4cbHkBLfuSjUvvqs2MD-0,False,True
670,Ep6qPG4Pscywwdr2NbSBKJu7RrN4pqie5RGPGHKXMviN,1646879585,1646954094,True,True,eighty-eight-mph-v3,0x56f34826cc63151f74fa8f701e4f73c5eaae52ad,0,0x76788105113cfdaa09e922906d3322cb4da2f08faa4ee4e034fe5c8c30a0b1eb,Ep6qPG4Pscywwdr2NbSBKJu7RrN4pqie5RGPGHKXMviN-0,False,True
671,CdVAd63YFfGjT2eLcML1zQJqvgr5rCVTUatnoEdpeFX7,1646947235,1646947235,True,True,KyberSwap Exchange Ethereum,0xb867e969ddcf84d66917ba755b429178094adcdf,0,0xa7dda6a37a55be5979ddc4878da232bd8c4b3717014c5b0a2696d50daa79c579,CdVAd63YFfGjT2eLcML1zQJqvgr5rCVTUatnoEdpeFX7-0,False,True
672,AFGGKfc4HwZBa95omQLoaX1PAVAB5cGGsM3PkTarsePH,1646991562,1646991562,True,True,Sushi Treasury TR Creation,0xbf78314073a69e2178798f501a8114179c3e41ba,0,0xfc4fa9c178cb06b430749cc844cdf166c2fedfd3f984c6687712bce705266d7b,AFGGKfc4HwZBa95omQLoaX1PAVAB5cGGsM3PkTarsePH-0,False,True
674,GwchCg3UrmaxZAFVNRENf8MzFidL64jhTbDXMeP9Vhnx,1647047573,1647047573,True,True,Axolittles,0x492a62ebf6ff9482a6dc4d2f2fd0410860063133,0,0xc7c272666799ff602fd8fae8ab986f1b052f8873891ef29364aca09286ab08fa,GwchCg3UrmaxZAFVNRENf8MzFidL64jhTbDXMeP9Vhnx-0,False,True
675,Gw8VNhP9DQnx6iHB9KiVpVJiapqeuziuNuueawAUHRx5,1647048215,1647048215,True,True,YGG Treasury TR Creation,0xbf78314073a69e2178798f501a8114179c3e41ba,0,0x0437ec079c3d898526fe5ea62a185a18f05134d83980196047cedd236a08ac0a,Gw8VNhP9DQnx6iHB9KiVpVJiapqeuziuNuueawAUHRx5-0,False,True
676,4cNpM8AKupEvDtDuN2bVPVgMutJgkfV9dtpmrDxX17qK,1647048997,1647048997,True,True,Fei Treasury TR Creation,0xbf78314073a69e2178798f501a8114179c3e41ba,0,0x915518535726f28a1490d37b1d9ccfbc6b18f200fe677c5324e72b054e0b19fb,4cNpM8AKupEvDtDuN2bVPVgMutJgkfV9dtpmrDxX17qK-0,False,True
677,4N8HpyQP9r1ZsTQYavyQ5v9TffgUz5aFApmaeQ4P3Zs4,1647049513,1647049513,True,True,BitDAO Treasury TR Creation,0xbf78314073a69e2178798f501a8114179c3e41ba,0,0xec274ffb001ca22703a110a77fdf01660b59bfcf66c59fef7d31f23c8dc39a59,4N8HpyQP9r1ZsTQYavyQ5v9TffgUz5aFApmaeQ4P3Zs4-0,False,True
678,8mAETCtn22KytU7oYCg3voGjxEuyrQJkb4SyV3vRgWJ1,1647050064,1647050064,True,True,Bankless Treasury TR Creation,0xbf78314073a69e2178798f501a8114179c3e41ba,0,0x8e578924eab6bd2ccf2aca0da5b894e264b04639b960f847f47eee9f5c18650a,8mAETCtn22KytU7oYCg3voGjxEuyrQJkb4SyV3vRgWJ1-0,False,True
679,7FwXEn5eFkZHifwhtgyNtQ3wVyiFGL3W6o8eFKj6pSC7,1647062665,1647062665,True,True,darkforest-valhalla,0x1315b9510cd7f75a63bb59ba7d9d1fad083d0667,0,0x7d03c1fe0d56b7b43557a224e5372e2e0e4dc02b09aae9e76183ce40d7e1c60b,7FwXEn5eFkZHifwhtgyNtQ3wVyiFGL3W6o8eFKj6pSC7-0,False,True
681,bM4MfUVZfp7pe2qyu4xXU4uUVQb91w2BbKPQoARbink,1647279870,1647279870,True,True,Decentral Games DG,0xbad81149fbd0b3598e2bf4766de7a11a13db71da,0,0x4326620c4f74be81fb84f40776fed15660a6a26bfd206c656aa65a4d5df2b159,bM4MfUVZfp7pe2qyu4xXU4uUVQb91w2BbKPQoARbink-0,False,True
682,ACTiN4AwY5UiGk8W5WTkWw4HV93JcxnFL3HpQ1EipKpQ,1647300062,1647300062,True,True,Sushi - MasterChefV2,0x4bb4c1b0745ef7b4642feeccd0740dec417ca0a0,0,0xa5da83338f39c067cc1f228905f8fc50237aa15e83c665fe1f0c88ae85440fa5,ACTiN4AwY5UiGk8W5WTkWw4HV93JcxnFL3HpQ1EipKpQ-0,False,True
683,8Nwbz7YUtjf1NsD2mJUnuq5vWNbm2Gyag4nraLWyVJGi,1647300952,1647300952,True,True,Sushi - SushiBar,0x4bb4c1b0745ef7b4642feeccd0740dec417ca0a0,0,0x083fe292bd8aa48f4a263a2d4ce98412ac75eaee1ca79f9385a7d0fe2f3285f6,8Nwbz7YUtjf1NsD2mJUnuq5vWNbm2Gyag4nraLWyVJGi-0,False,True
684,8u7KcVRxjtTDRgEJup3UuPJk6YoRDTHNpSMk5BEpdw42,1647350402,1647350402,True,True,Unlock Protocol Mainnet,0xc8c5899103a0803a95da06e4ab44219d3b56a834,0,0xbbbc306478f564df68033bb38f0db44e44535d93fdf9c823062cc1ccc449e69c,8u7KcVRxjtTDRgEJup3UuPJk6YoRDTHNpSMk5BEpdw42-0,False,True
685,drD3RZMJKZyZRvAySx4wCAibs6h2rc6boCX85qmR5cs,1647356175,1647356175,True,True,Blocklytics Ethereum Blocks,0x88b8de7234376a22a5f23b9a33ae3a97bba564de,0,0x61a67fc959919775c49eebe36a2e6455cfac53ad0e50556284e43f84db171935,drD3RZMJKZyZRvAySx4wCAibs6h2rc6boCX85qmR5cs-0,False,True
686,3Q4vnuSqemXnSNHoiLD7wdBbGCXszUYnUbTz191kDMNn,1647414547,1647414547,True,True,snapshot,0x8c28cf33d9fd3d0293f963b1cd27e3ff422b425c,0,0x7ef9d81e3d5b10910808f1519135928275f518ee8a85fb01880f446231a0db7a,3Q4vnuSqemXnSNHoiLD7wdBbGCXszUYnUbTz191kDMNn-0,False,True
687,JBnWrv9pvBvSi2pUZzba3VweGBTde6s44QvsDABP47Gt,1647436488,1649787833,True,True,Curio Cards,0xb4ed960387e67f5354e29ea2dbc31e1ad2de8ff0,2,0x2ead9785e713941cb84039cef00aea9e53d909f9e4a187920bd40c711625fdd2,JBnWrv9pvBvSi2pUZzba3VweGBTde6s44QvsDABP47Gt-2,False,True
688,5JHJFhHw7zNpgYT2hzWaPdUYAHg9PXrxGDxQ2xNNJKAe,1647702296,1647702296,True,True,BalconyDaoRef,0xb8cd158e91cd41e8c3fb53709c534cf1db2a9c65,0,0x978b8577505193c1031d3050dd489f75684fa5042d1c1aa3e4edc014dff8a1dd,5JHJFhHw7zNpgYT2hzWaPdUYAHg9PXrxGDxQ2xNNJKAe-0,False,True
689,J2RS1vzH8LnfR4XV8kEv6ZNyRyWSbwjqQ4i1zdgsf1TB,1647944232,1647944232,True,True,Eth Burned,0x449222e4f9c2c779da5f11fe4d65ae29ed430f35,0,0xd991edfccdeef8bc78f513a9cf2afeedbae74ab23041a3ebdb33033c0255f731,J2RS1vzH8LnfR4XV8kEv6ZNyRyWSbwjqQ4i1zdgsf1TB-0,False,True
690,9ZA2QGwURbZ8S3PfdKs4UyKKTvyoHfG4SsLkGBaiVi1Y,1647946609,1647946609,True,True,ENS Fees,0x449222e4f9c2c779da5f11fe4d65ae29ed430f35,0,0xff24306a9219c2e53d2464beec399d49c67ebfc27d864cf0f14bfaf428f3c2f1,9ZA2QGwURbZ8S3PfdKs4UyKKTvyoHfG4SsLkGBaiVi1Y-0,False,True
691,B27wcyPCeMENr1uZvjfiKScEMNiPsdkvCFZttkKKe94A,1647949068,1647949068,True,True,alti-subgraph,0x063cb466ab5467725dfa06cf688175af1afbaaae,0,0xfaebd1a856fdffe078bb3d31a5da5de71d12e35f07e5782a529e416bc053cfcd,B27wcyPCeMENr1uZvjfiKScEMNiPsdkvCFZttkKKe94A-0,False,True
692,3XySoZDr6fcKcTrMfd1X7Qf3EWWjz9yKN2BG2gADqkYf,1647949682,1647949682,True,True,Alti_World,0x063cb466ab5467725dfa06cf688175af1afbaaae,0,0xfaebd1a856fdffe078bb3d31a5da5de71d12e35f07e5782a529e416bc053cfcd,3XySoZDr6fcKcTrMfd1X7Qf3EWWjz9yKN2BG2gADqkYf-0,False,True
694,AZFpEVUEmyvY39qiECjjsLiLzoZguzHHJg97gEsa2kmN,1648070578,1648322873,True,True,ETHDubai Hackathon,0xfad3b5feac1aaf86b3f66d105f2fa9607164d86b,1,0x2d759eae7e5467de4a590de6b57836535cb766971d9b5392115e283c30376887,AZFpEVUEmyvY39qiECjjsLiLzoZguzHHJg97gEsa2kmN-1,False,True
695,33mhqfVG26N2V8pGNoEpnF5pSr2LbLg8VQRy7PL5EydY,1648238104,1648664505,True,True,Foundation,0x63badeb1eec77db1d1257d5581c22ff598d84b1f,1,0x42a81a83f3bf21ba5c9aab216ed4b0d315c9a7cf6e856765bb439c72cc679272,33mhqfVG26N2V8pGNoEpnF5pSr2LbLg8VQRy7PL5EydY-1,False,True
697,8QaCygBoQ3XsQq8XxF1i6HPYTUHFFhHB9vrF3KvdRXST,1648579255,1648736949,True,True,SuperRare,0xb4ed960387e67f5354e29ea2dbc31e1ad2de8ff0,2,0x2654b646a3c800b54fb4f7acf817d1de7ae0a7d58b3cf6ab4a7f089eca719485,8QaCygBoQ3XsQq8XxF1i6HPYTUHFFhHB9vrF3KvdRXST-2,False,True
699,HgnaENC2oG5hJFsWoHvULBbj7djTJ7TZnqa58iTWA3Rd,1648702524,1648702524,True,True,Loopring zkRollup,0x4757d97449aca795510b9f3152c6a9019a3545c3,0,0x50f35f7a3cbad0249a9465333be252c9ab1731862cd3a90f6d48403c17d68180,HgnaENC2oG5hJFsWoHvULBbj7djTJ7TZnqa58iTWA3Rd-0,False,True
701,DNVceJpmnpCZAGKfPNFfgFBpaQwL8vD5sgywDkSdVkQc,1649149017,1649149017,True,True,Injective Peggy Mainnet,0x8c5f2f8a330c43acf56a5b534b15e22c5e4df98d,0,0xead708ac7dc86223719268d959b394137daa3f64a39162928d86d020cb0bdedd,DNVceJpmnpCZAGKfPNFfgFBpaQwL8vD5sgywDkSdVkQc-0,False,True
704,4kAHMCKhHzKALuXXU5D8gegj1Pg1X8bjQnhWdb62rDjd,1649899473,1649899473,True,True,alloyx,0x836d45c29d168cc68e99b58ec72b54b201c1339c,0,0x1b1751af04f10ae0ca4d3fb28d82cdbeaff0b2519cd54160ae72820fbf2725e4,4kAHMCKhHzKALuXXU5D8gegj1Pg1X8bjQnhWdb62rDjd-0,False,True
705,5aRUaZ2RZrn4rYS3QVi65eaf6TvE5pvCDnEiGAwdUkBP,1649950469,1649950469,True,True,Ondo,0xdbb24dff1aaad61f5fffe17b85153156d6e567b5,0,0x3bbde1c80140b61b73dbb5f7e0eee9a3e42952bc00cd7e6297c7cff19f2d0db9,5aRUaZ2RZrn4rYS3QVi65eaf6TvE5pvCDnEiGAwdUkBP-0,False,True
709,78SDqpEa8NorDfkJ9GDk1wUimsW6AKa53GWRbt83u18,1650468575,1650468575,True,True,Spectral Compound V2,0x4605db3c81fbae12905eba1196da819b56f24f16,0,0x959a3ce25a435f42646fe9e9403cc8ff625207df73c8d1c03ba9d0521e572f91,78SDqpEa8NorDfkJ9GDk1wUimsW6AKa53GWRbt83u18-0,False,True
710,LLMtDiq5u1BkbrEN2fhMtCNmR3euSjaQWWRM2tBsMJG,1650554904,1650554904,True,True,Gelato Poke Me,0xf57843d682c1fc9c04c11f239812939043e28f0b,0,0xabe1e70ddd4af08fb2e2957f0edc639b12ed2f76cbfd0ca80eb50cb0c62f7f0e,LLMtDiq5u1BkbrEN2fhMtCNmR3euSjaQWWRM2tBsMJG-0,False,True
711,DFfNTQaNoxBL1nC25Q3rtLL94XXmDmrebbbh2a6Z86ps,1650608288,1650608288,True,True,ShatteredEon,0x528d181ef113b1ea48a82df9f2778abbf2fef7ad,0,0x8511270f18e5c4c72f87b51fef8190144f66049b93a4fc0d39c0dc42206c2530,DFfNTQaNoxBL1nC25Q3rtLL94XXmDmrebbbh2a6Z86ps-0,False,True
716,9tKy8mF93SK3JvThtk4sbSNd8nwt1Hyg5t11Jhh1u893,1650898459,1650898459,True,True,Swapr Mainnet,0xef268658776cf63e2d4e732da6cde8f87735de7f,0,0xae2811a2ee2fc40c34ae842b5d242f7a2979592ab8e5e6057dd93ede38582db6,9tKy8mF93SK3JvThtk4sbSNd8nwt1Hyg5t11Jhh1u893-0,False,True
718,DMLEJZt2LLoyQ267rFBtWqjKfUdY5dFRFsyfD3RExutv,1650959777,1651056343,True,True,DODOEX V2 Polygon,0x0e2897efecc61c7b6a3f1b13e34308cb366b3671,1,0x86fe57d9ff68085882214501c063fd75399ba9dd4a08a0dcfebf4863943f1c9f,DMLEJZt2LLoyQ267rFBtWqjKfUdY5dFRFsyfD3RExutv-1,False,True
720,DUSMk5SZ5z9Sz2gdtYfZ65UAqga4RTmpGtS2jqkJvLf2,1651187918,1651556424,True,True,UpstreamCollectives,0xd517a1fb474a2af80292b32a41bfbc10a88340ec,1,0xf2a798b1f517325a358732de7ff3b31d36d8bd1c800513d6a0f21e354fb5c0cc,DUSMk5SZ5z9Sz2gdtYfZ65UAqga4RTmpGtS2jqkJvLf2-1,False,True
721,2nRBZPzS6WiwtvK79TXcieVxUagcQKi2gFwm5Ha15xTj,1651235360,1651235608,True,True,Scab Shop,0x044aea8e6c04e67d3b137133217cc7ba66157782,0,0x7db615d9d81ef1192dbb1d39627f4e0c7d1158af8153559b8ded2ca2dfde02c3,2nRBZPzS6WiwtvK79TXcieVxUagcQKi2gFwm5Ha15xTj-0,False,True
722,3KgoMxpMHJsLK2R4W9hrF6S7WTYdcH9UW9vtnsGumY4s,1651250145,1651250145,True,True,Ampleforth DAO,0xf64c82336a76269755a367ae74d1eba6ee7b2697,0,0x02efe1896133acb02563543b41c6d21854b685995842d580ad5e38d165a6a79b,3KgoMxpMHJsLK2R4W9hrF6S7WTYdcH9UW9vtnsGumY4s-0,False,True
723,7QP7oCLbEAjejkp7wSLTD1zbRMSiDydAmALksBB5E6i1,1651555981,1651555981,True,True,Loopring zkRollup,0x4757d97449aca795510b9f3152c6a9019a3545c3,0,0xc0bb19a3321ddd3ee6a956bdea9c98e5954feb57d4c2e7d279d0e2be0080530b,7QP7oCLbEAjejkp7wSLTD1zbRMSiDydAmALksBB5E6i1-0,False,True
724,DfD1tZSmDtjCGC2LeYEQbVzj9j8kNqKAQEsYL27Vg6Sw,1651583782,1651583782,True,True,Connext Network,0x79bdd2c976685f500a6e0f601b496acff20b56a7,0,0x83fc1011f4ab60f6c9e693785c731604affbefbeeccb7c845487d81fe165042e,DfD1tZSmDtjCGC2LeYEQbVzj9j8kNqKAQEsYL27Vg6Sw-0,False,True
