allocationID,blockNumber,epoch,id,indexer,logIndex,subgraphDeploymentID,tokens,type,isDelegator,sender,curationFees,from,rebateFees,delegator,shares,eventTime,until,indexingRewardCut,queryFeeCut,delegationFees,amount
,11474009,,0xcb621a8a549e4e3c616a7a1e27dc92b28722c90ac37f60fe1f1d5e5ed1ff0ecf-121,0x7ab4cf25330ed7277ac7ab59380b68eea68abb0e,121,,,delegationParametersUpdateds,,,,,,,,,,1000000,1000000,,
,11474009,,0xcb621a8a549e4e3c616a7a1e27dc92b28722c90ac37f60fe1f1d5e5ed1ff0ecf-122,0x7ab4cf25330ed7277ac7ab59380b68eea68abb0e,122,,9615385000000000000000000,stakeDepositeds,,,,,,,,,,,,,
,11474307,,0x938641c2dbfd4562c7ab8c60ca98f11394d161ead6b93008a91d97f068c6dcac-17,0x7ab4cf25330ed7277ac7ab59380b68eea68abb0e,17,,165851137200000000000000,stakeDelegateds,,,,,,0x9fe0a203e190d87cef6b4b80b24fae73f243b3ea,165851137200000000000000,,,,,,
,11474332,,0x67278b0af539dff48945b3a430ada90de00526aed433a321215f3d1e36bcc97e-38,0x7ab4cf25330ed7277ac7ab59380b68eea68abb0e,38,,251819644650000000000000,stakeDelegateds,,,,,,0xd776a7306ee6a060cebb46b46d305e88fd39ba84,251819644650000000000000,,,,,,
,11474426,,0x19cf8bd30df43cc8518c16bfce7297c32495bbc3c4c1da83ef91f75cb678b8a0-162,0x7ab4cf25330ed7277ac7ab59380b68eea68abb0e,162,,,delegationParametersUpdateds,,,,,,,,,,90000,80000,,
,11474474,,0x2fe9986fb33a19533e14dc68a42672fb1723fe137c8e6e520f8e4c150e196421-272,0x7ab4cf25330ed7277ac7ab59380b68eea68abb0e,272,,,delegationParametersUpdateds,,,,,,,,,,80000,100000,,
,11474496,,0x1959bd2f0db2f95a3608e12c87c16122d2a822a1ddd309c2779bc90a321be401-84,0x7ab4cf25330ed7277ac7ab59380b68eea68abb0e,84,,6965000000000000000000,stakeDelegateds,,,,,,0x53c0fa070e310ce1690b3c83b2ab7f20d74d4922,6965000000000000000000,,,,,,
,11474499,,0x9e1054a42c5a3159474cccc230a2d3838d535165657739089159fc5a29271ebb-190,0x7ab4cf25330ed7277ac7ab59380b68eea68abb0e,190,,9950000000000000000000,stakeDelegateds,,,,,,0x9327775e225a703125167eb423d246915bdc37e7,9950000000000000000000,,,,,,
,11474504,,0x1d7bf818ed90521f8c3617ba98a631a05d60f5f95d805ed88f39f9b64e56accc-181,0x7ab4cf25330ed7277ac7ab59380b68eea68abb0e,181,,1991758662500000000000,stakeDelegateds,,,,,,0x32345932bc863f54ef87e2ece3d458f1789b1bfc,1991758662500000000000,,,,,,
,11474551,,0xa352109c91b2cc95255407a502b69ad0c33ff9a2ed06e6cc66ac20b68d507b0e-260,0x7ab4cf25330ed7277ac7ab59380b68eea68abb0e,260,,100000000000000000000,stakeDelegatedLockeds,,,,,,0x9327775e225a703125167eb423d246915bdc37e7,100000000000000000000,1608259750,32,,,,
,11474568,,0xaa968b7c22677764fbd8a8fd538d99e34829857329139876725ca7f589c57339-285,0x7ab4cf25330ed7277ac7ab59380b68eea68abb0e,285,,503905083650000000000,stakeDelegateds,,,,,,0xb300749c08cab1c9ce67f66a18ea5926360ba36a,503905083650000000000,,,,,,
,11474607,,0x5bbc9115362bb523298d2378cf8e5238c947f314915d215f3c28717b48a5bb02-5,0x7ab4cf25330ed7277ac7ab59380b68eea68abb0e,5,,65257075000000000000000,stakeDelegateds,,,,,,0x57b4a5f470c85d4281f7baf5162b59243a3491df,65257075000000000000000,,,,,,
,11474621,,0x18cb0cf3c94ed5aee7c925b9691535fb78e0419d54e37de9c092a44e75f7bd30-67,0x7ab4cf25330ed7277ac7ab59380b68eea68abb0e,67,,65257075000000000000000,stakeDelegatedLockeds,,,,,,0x57b4a5f470c85d4281f7baf5162b59243a3491df,65257075000000000000000,1608260777,32,,,,
,11474679,,0x31dbb2968fd0257b8c54bfbe8f94b83f5a19b973954732264235c2f39170d249-125,0x7ab4cf25330ed7277ac7ab59380b68eea68abb0e,125,,,delegationParametersUpdateds,,,,,,,,,,900000,900000,,
,11474769,,0x07f058e4212ea4115857cd68ed38d6eba0a8fc84977c628be74c91370437ea4f-65,0x7ab4cf25330ed7277ac7ab59380b68eea68abb0e,65,,39800000000000000000000,stakeDelegateds,,,,,,0xb7797cb7b4a031c4c1e04ea14824fa5d8d30beed,39800000000000000000000,,,,,,
,11474834,,0xd8ed1d9dca49483691be9f5666083e2653871c3517ce7c97cf0136376e19cb3e-216,0x7ab4cf25330ed7277ac7ab59380b68eea68abb0e,216,,12488567623993900000000,stakeDelegateds,,,,,,0xf5376e847efa1ea889bfcb03706f414dade0e82c,12488567623993900000000,,,,,,
,11474849,,0x514c2481697fa4cdb572708727c3ba0519912390247eeb4b703ca83387049948-19,0x7ab4cf25330ed7277ac7ab59380b68eea68abb0e,19,,14169714085664800000000,stakeDelegateds,,,,,,0x1853bf6a892abd949aed052bb634ab96afaf31dd,14169714085664800000000,,,,,,
,11474860,,0x23f76a8dcc384453d0806f98bad397583a84e9f572ef80e26336a24b2a45cefd-27,0x7ab4cf25330ed7277ac7ab59380b68eea68abb0e,27,,,delegationParametersUpdateds,,,,,,,,,,800000,800000,,
,11474886,,0x14b0c8979f1f246960a4145a594db37a7a440082451eaf53b0075b9af9320bb0-111,0x7ab4cf25330ed7277ac7ab59380b68eea68abb0e,111,,14169714085664800000000,stakeDelegatedLockeds,,,,,,0x1853bf6a892abd949aed052bb634ab96afaf31dd,14169714085664800000000,1608264240,32,,,,
,11475170,,0x19933330347d5297d8b1c140ce8abf8f7b79c84752c60220adfae6f203546338-96,0x7ab4cf25330ed7277ac7ab59380b68eea68abb0e,96,,765384845000000000000000,stakeDelegateds,,,,,,0x1beda87a78e838687668ce2c564f1746dce7396e,765384845000000000000000,,,,,,
,11475210,,0x77ee16992ad41f4f9aab385015bf8c035bb2d1eec5a6ff7f79e3689126a4cab9-128,0x7ab4cf25330ed7277ac7ab59380b68eea68abb0e,128,,12488567623993900000000,stakeDelegatedLockeds,,,,,,0xf5376e847efa1ea889bfcb03706f414dade0e82c,12488567623993900000000,1608268926,32,,,,
,11475238,,0x11d12e4e40232247ba695bb303b0ea709873707de2cb1e4e27128b0eed7c7748-48,0x7ab4cf25330ed7277ac7ab59380b68eea68abb0e,48,,4002893379514650000000,stakeDelegateds,,,,,,0x7eb692f22af33d637aab31f9277653235682ebe6,4002893379514650000000,,,,,,
,11475531,,0xe1c4709dd20102a80e0a308ab0394e80c909a63807c366be7bd509dc4ca724d4-172,0x7ab4cf25330ed7277ac7ab59380b68eea68abb0e,172,,9950000000000000000000,stakeDelegateds,,,,,,0xb4ecbb9d116a2b38cee4ede75b0a96746a175efb,9950000000000000000000,,,,,,
,11475758,,0x9d8240246c88c9d4b3227b1c0dea892178e6f4588cf11faa9763bc65ebf1ef44-23,0x7ab4cf25330ed7277ac7ab59380b68eea68abb0e,23,,646750000000000000000,stakeDelegateds,,,,,,0x4e43a0cd79a9324645167e70aa6cdbdfa91a43e9,646750000000000000000,,,,,,
,11475825,,0x42b390e8b780e2a0c1bfc28867e197f22546a2aae493bc2469f7254450dd6ef7-290,0x7ab4cf25330ed7277ac7ab59380b68eea68abb0e,290,,907701685000000000000000,stakeDelegateds,,,,,,0xe6368e677871b288294536c8fe6cb1bbeb19f7a2,907701685000000000000000,,,,,,
,11476053,,0x88b8ca621050b16363ba338c1901b62f3b5eecbb63064993b2be7524d1d8bd0e-17,0x7ab4cf25330ed7277ac7ab59380b68eea68abb0e,17,,10185289624385700000000,stakeDelegateds,,,,,,0x60696f9d6ab5d99560bd04a98c718731735edd5c,10185289624385700000000,,,,,,
,11476058,,0xbe0121652f5311fdaea17fb2d96668617a5151471de1e1f584f941ef5f7289ea-256,0x7ab4cf25330ed7277ac7ab59380b68eea68abb0e,256,,2296153540000000000000000,stakeDelegateds,,,,,,0xa8df6bbc65cf526fbc6392524d113cf5b7c8a93e,2296153540000000000000000,,,,,,
,11476150,,0x458b0a96ee7124406ed800d8159a6f5804c2a30017b48a3ef74bd3b733fba4ac-161,0x7ab4cf25330ed7277ac7ab59380b68eea68abb0e,161,,111440000000000000000000,stakeDelegateds,,,,,,0x539c82d5cb886c94dd3e2d76dd5c73936c1cf391,111440000000000000000000,,,,,,
,11476650,,0xe650675328ce4b69e45ac0029d1d80cd7ae81afc71871f3bf0bf439e00e26e1e-284,0x7ab4cf25330ed7277ac7ab59380b68eea68abb0e,284,,74625000000000000000,stakeDelegateds,,,,,,0xb6ad6f1e372ce48beeecce0580fc03a76eea5249,74625000000000000000,,,,,,
,11476691,,0xb27da2040a1ef0857b8be303f71436bcb6b66ef9a567fd010af3cc59f85f4fbf-12,0x7ab4cf25330ed7277ac7ab59380b68eea68abb0e,12,,28340571645879800000000,stakeDelegateds,,,,,,0xfbfd491bc1e89782fb01219c5fd8462c039d0d7e,28340571645879800000000,,,,,,
,11476789,,0x431300ec6fa7c6936a1656f85bf75db40f97f64ddae41ab27be18ed445971820-219,0x7ab4cf25330ed7277ac7ab59380b68eea68abb0e,219,,24875000000000000000,stakeDelegateds,,,,,,0xb6ad6f1e372ce48beeecce0580fc03a76eea5249,24875000000000000000,,,,,,
,11476833,,0x2cce144bc10722bcf377412a7047bd4df29831251b56a366fce3a268e83bdd33-76,0x7ab4cf25330ed7277ac7ab59380b68eea68abb0e,76,,9950000000000000000000,stakeDelegateds,,,,,,0x46917890a173a6c119f172aac9bf65a2e9a2e6a7,9950000000000000000000,,,,,,
,11476942,,0xe15095e62324c9dee083975243bf571c74782e10add3a18abb8e93d91d9efed5-282,0x7ab4cf25330ed7277ac7ab59380b68eea68abb0e,282,,11552945000000000000000,stakeDelegateds,,,,,,0xb73f819a15b979c5b4af2dcf1b2817bd073eda64,11552945000000000000000,,,,,,
,11477175,,0x737c1840e02d11135232bf7c11eabf71ef7e0204b0154334508d5b08b887f89f-260,0x7ab4cf25330ed7277ac7ab59380b68eea68abb0e,260,,132706115100000000000000,stakeDelegateds,,,,,,0x13c0dabeb938c21524c59cdc40bcb6fdb3618754,132706115100000000000000,,,,,,
,11477210,,0x837f3e5001ae75b02401f225d848d9c8c84cfd96da9752ff62cc9f18733e22ab-94,0x7ab4cf25330ed7277ac7ab59380b68eea68abb0e,94,,2487500000000000000000,stakeDelegateds,,,,,,0x5f3cb118b93237b2b0ec7205ec43807e5d4d63e6,2487500000000000000000,,,,,,
0xb9ea968ea1cdf85bf2390e7703270e1f75168058,11477232,4,0xfb3a6dd7449f3a89bc020896cdf6f1281cf98387486fdcecbac63a6622bc60ab-253,0x7ab4cf25330ed7277ac7ab59380b68eea68abb0e,253,0x31edcacc9a53bc8ab4be2eeb0d873409da4c4228cb2d60e4243bd3b4e8af7500,4807692000000000000000000,allocationCreateds,,,,,,,,,,,,,
,11477234,,0x0d9dca553ffa90476e1e0af918fda92b4986699e608e0d9a3c859b9db6ea06bf-94,0x7ab4cf25330ed7277ac7ab59380b68eea68abb0e,94,,96816288431287800000000,stakeDelegateds,,,,,,0x4e58b97ce2c9a687ff6df2ba7f8f7217ad44327d,96816288431287800000000,,,,,,
0xaceef199756a63f97b0f31bfebb7065b17796971,11477243,4,0x24da63bdf5f0ab8e715a29cb670ed4521a14427e41c46eff615d9268d85387c1-118,0x7ab4cf25330ed7277ac7ab59380b68eea68abb0e,118,0x31edcacc9a53bc8ab4be2eeb0d873409da4c4228cb2d60e4243bd3b4e8af7500,4807692000000000000000000,allocationCreateds,,,,,,,,,,,,,
,11477428,,0x93437ccc6ac4f7237e6b9c01d7652af4300261f785879a71e19a601664005136-259,0x7ab4cf25330ed7277ac7ab59380b68eea68abb0e,259,,132706115100000000000000,stakeDelegatedLockeds,,,,,,0x13c0dabeb938c21524c59cdc40bcb6fdb3618754,132706115100000000000000,1608297555,32,,,,
,11477441,,0x020f744549a282dadb882112879eafe323e8ea3dc3b3d76d1b118b9c4c7c348f-216,0x7ab4cf25330ed7277ac7ab59380b68eea68abb0e,216,,497500000000000000000,stakeDelegateds,,,,,,0xe0ddee528856195af906eb5c7645ddcb6dbbe1c0,497500000000000000000,,,,,,
,11477548,,0x205b5d4465c3c020e13aa10843ae4c6a30f4ea326b2cb0df7e6a89dce5d9fc45-288,0x7ab4cf25330ed7277ac7ab59380b68eea68abb0e,288,,895500000000000000000,stakeDelegateds,,,,,,0xcff76a3c6904456e71c40398b09bc70d3926fa6b,895500000000000000000,,,,,,
,11477638,,0x69bbf2a6daf3f0215da25f0b0d967ff41a413e07d7598b411070422109da2797-206,0x7ab4cf25330ed7277ac7ab59380b68eea68abb0e,206,,66354560000000000000000,stakeDelegateds,,,,,,0x9b921fad875b06183d3992a125026c89915d71f6,66354560000000000000000,,,,,,
,11477704,,0x79ae28ed0614f7013db2a7afac3086e0f92659b02b2dee056a0a5338c41d4cd8-202,0x7ab4cf25330ed7277ac7ab59380b68eea68abb0e,202,,28387350000000000000,stakeDelegateds,,,,,,0x9520b26f843414a59d57775a2046acb2bdd2020f,28387350000000000000,,,,,,
,11477706,,0x183833a8c566545a3f0e711f6b83ac2ca60ab0ca4388f8352cef4f7f44ea8122-202,0x7ab4cf25330ed7277ac7ab59380b68eea68abb0e,202,,33167330000000000000000,stakeDelegateds,,,,,,0xd1818a80dac94fa1db124b9b1a1bb71dc20f228d,33167330000000000000000,,,,,,
,11477707,,0x1938942a138671361660868f6355bf850d03b2b8d3860faaf2b58d29222e7cfd-274,0x7ab4cf25330ed7277ac7ab59380b68eea68abb0e,274,,4621775955200000000000,stakeDelegateds,,,,,,0xc1d7be08f873e2121d5565aa862d2d9e4681e290,4621775955200000000000,,,,,,
,11477790,,0x74e267851417254e0afd12edf086e4292a753d1a2ed2ddbea7b6dc1b1de6c2fb-132,0x7ab4cf25330ed7277ac7ab59380b68eea68abb0e,132,,70851867092362500000000,stakeDelegateds,,,,,,0xe816c2932724655782a81009cab64bc45446afb0,70851867092362500000000,,,,,,
,11477827,,0xa3f4940040db328066b9d99e7db672c7aa024184469687232e933f11b48c2d88-239,0x7ab4cf25330ed7277ac7ab59380b68eea68abb0e,239,,362180000000000000000,stakeDelegateds,,,,,,0xf5adc2c1e3f5fabe72e57a86449da151cf3a47b0,362180000000000000000,,,,,,
,11477951,,0x249d521531b31367ee074cb2b10eb47da295fe26bec3718380e6651300d8a487-189,0x7ab4cf25330ed7277ac7ab59380b68eea68abb0e,189,,796000000000000000000,stakeDelegateds,,,,,,0xe39bc99b80a9efd0f14f82aea1406eee93d456f2,796000000000000000000,,,,,,
,11478034,,0xf88fcc8b713b6cc6808cdcd625ba5d3d8b8ce0c1ac3147ceac37d89c500fe80a-260,0x7ab4cf25330ed7277ac7ab59380b68eea68abb0e,260,,1592000000000000000000,stakeDelegateds,,,,,,0x424b8722b214174ccdcc92c85b376673c46b8689,1592000000000000000000,,,,,,
,11478035,,0xfd074e8acc76778d8bad5884029821336c1c3804a7c2efd1a56c162542c0db34-224,0x7ab4cf25330ed7277ac7ab59380b68eea68abb0e,224,,10185289624385700000000,stakeDelegatedLockeds,,,,,,0x60696f9d6ab5d99560bd04a98c718731735edd5c,10185289624385700000000,1608305964,32,,,,
,11478058,,0xfc442cc92e63587d9f6767dcc7a0c74663e9040db61b5a740ffc5e6a1426dcb1-151,0x7ab4cf25330ed7277ac7ab59380b68eea68abb0e,151,,11552945000000000000000,stakeDelegateds,,,,,,0x65edea46429767082b796aa93f3bcfb674be43c6,11552945000000000000000,,,,,,
,11478081,,0x94275039c469458ab8d0feb8e99b4b6c0f4752b27541cb7cbe42fbbc717ebe6b-59,0x7ab4cf25330ed7277ac7ab59380b68eea68abb0e,59,,14064325000000000000000,stakeDelegateds,,,,,,0x45648f5bab757406902cde440b791c06175a7810,14064325000000000000000,,,,,,
,11478205,,0x69987273f8cb0dc3d7d7c1d49ee2b53d67b886a826363674b51ab6641abc303e-253,0x7ab4cf25330ed7277ac7ab59380b68eea68abb0e,253,,895500000000000000000,stakeDelegatedLockeds,,,,,,0xcff76a3c6904456e71c40398b09bc70d3926fa6b,895500000000000000000,1608308246,32,,,,
,11478517,,0x664089ac9abf8d0fee295b9bae7ac90f9947ae4fe4585931685036da2efdb071-39,0x7ab4cf25330ed7277ac7ab59380b68eea68abb0e,39,,4975000000000000000,stakeDelegateds,,,,,,0x35bd2f4c5fe1eb298d27e2efffc9ad70481447eb,4975000000000000000,,,,,,
,11478547,,0x8d51f72e3258149cfb2c9771cb2d251da8b61a2a474b6db13e8d3159049cb151-129,0x7ab4cf25330ed7277ac7ab59380b68eea68abb0e,129,,129177367500000000000000,stakeDelegateds,,,,,,0x089f5d91572383c46041a32751bf7d0c711b7d69,129177367500000000000000,,,,,,
,11478645,,0x5955954ef13e8aac263dd4e5e82c82a3194e8bc242be28f22478ef882bde0014-136,0x7ab4cf25330ed7277ac7ab59380b68eea68abb0e,136,,49750000000000000000000,stakeDelegateds,,,,,,0x5886cf93fa5d2c126f2f60a485cec5392cea8fa5,49750000000000000000000,,,,,,
,11478656,,0x3ee1f13c2e92e05248e5ce0d062189c36169900b3130b2d821bb62ce2d9bcdc1-233,0x7ab4cf25330ed7277ac7ab59380b68eea68abb0e,233,,162534802200000000000000,stakeDelegateds,,,,,,0x7bdcb057735391d293c11945c5240434d1d85ead,162534802200000000000000,,,,,,
,11478785,,0xfd62c91a6ffbf12991ec5670acd64932f8188ebe56df7ae35ad7c929987d0ac6-188,0x7ab4cf25330ed7277ac7ab59380b68eea68abb0e,188,,886642139860000000000000,stakeDelegateds,,,,,,0xc9ede68e6176727a7d878163c8adf2d528e45ac4,886642139860000000000000,,,,,,
,11478851,,0x18e34c44e928b7f98a0aee6b2b2cddf05dfbfd56d5e4dc4b7343535eec69f27a-73,0x7ab4cf25330ed7277ac7ab59380b68eea68abb0e,73,,497500000000000000000,stakeDelegateds,,,,,,0x73529f7ffa31b66f27f83d2bf549f8b8bae87f42,497500000000000000000,,,,,,
,11479056,,0x620d3f75131e453714f73534907c5b935e8d8686ddbf2f3ec8c1d52a174b0d3a-307,0x7ab4cf25330ed7277ac7ab59380b68eea68abb0e,307,,19250697746793000000000,stakeDelegateds,,,,,,0x1eda5b5fc4b6fce3dc442381a46088850f206eca,19250697746793000000000,,,,,,
,11479146,,0x3f47cb7110b7fe04afbb55af7c9b0073db1e2188d104b271a443bb3a9f18c6f5-301,0x7ab4cf25330ed7277ac7ab59380b68eea68abb0e,301,,2864066030722590000000,stakeDelegateds,,,,,,0xa57033c944106a32658321ec4248ae3571521e9e,2864066030722590000000,,,,,,
,11479147,,0x3b782f9408d0c9183a0fe4adcb4292945d5a468216faa892f9366d558cc8f106-96,0x7ab4cf25330ed7277ac7ab59380b68eea68abb0e,96,,14925000000000000000000,stakeDelegateds,,,,,,0xd68dbee8b3f702d6efc5d1504e043cc852007b52,14925000000000000000000,,,,,,
,11479166,,0x78fd40ca9c2720e5b3e55e8cb2a2d32bdc97c9c96520c639764a273e3d98d371-157,0x7ab4cf25330ed7277ac7ab59380b68eea68abb0e,157,,199000000000000000000,stakeDelegateds,,,,,,0x3d088b87c048e5fd4e3a6f9cc04490501b1dbae1,199000000000000000000,,,,,,
,11479195,,0xca7b40d86fcebd1fa3beb2614770d81c513d507a9ac1d044ec94694be731342b-236,0x7ab4cf25330ed7277ac7ab59380b68eea68abb0e,236,,2207484109079750000000,stakeDelegateds,,,,,,0x4861a10ad69a7a6ca29384b21ca9b0f4d875af86,2207484109079750000000,,,,,,
,11479196,,0x4e69c024839290823ef4599dfb07d001f9aae77924c1c35c38b5e9afaf7e56d8-223,0x7ab4cf25330ed7277ac7ab59380b68eea68abb0e,223,,199000000000000000000,stakeDelegateds,,,,,,0x741a9c2287e3f91d5f5e57cd3d0ccde375219109,199000000000000000000,,,,,,
,11479202,,0xb740dbabbcd2df0fcbfc9ceb07c61e281b06d28f359f177d6044ee41ddbb6485-264,0x7ab4cf25330ed7277ac7ab59380b68eea68abb0e,264,,6505310000000000000000,stakeDelegateds,,,,,,0x81b4687d4193916aa6cf65360bf96b1e4279278a,6505310000000000000000,,,,,,
,11479284,,0xa197511e23cd3caec5418aa76484186588d448bcfee391e54fd3a7a78c6e8a8d-191,0x7ab4cf25330ed7277ac7ab59380b68eea68abb0e,191,,99500000000000000000000,stakeDelegateds,,,,,,0x17080b589cdcbd10ebeaa24cb0096f4bb29eb52b,99500000000000000000000,,,,,,
,11479444,,0x059c2a8b505ebcac8bb51f697d1d8bf1e913853acb842ac393157db02789c3f3-195,0x7ab4cf25330ed7277ac7ab59380b68eea68abb0e,195,,447750000000000000000,stakeDelegateds,,,,,,0x3727321b9b1318c2716b743e4eea28e0c8fc7f58,447750000000000000000,,,,,,
,11479448,,0xb9d9faf2fc39b75db3eff9a12997d863702ea260947f874503c67482dc87a04a-87,0x7ab4cf25330ed7277ac7ab59380b68eea68abb0e,87,,251819644650000000000000,stakeDelegatedLockeds,,,,,,0xd776a7306ee6a060cebb46b46d305e88fd39ba84,251819644650000000000000,1608324617,32,,,,
,11479523,,0xff9d0a37e6bba6c6ae32dabaf268d777e663f1c3886bf7d901b2bfa095450b77-225,0x7ab4cf25330ed7277ac7ab59380b68eea68abb0e,225,,6505310000000000000000,stakeDelegatedLockeds,,,,,,0x81b4687d4193916aa6cf65360bf96b1e4279278a,6505310000000000000000,1608325601,32,,,,
,11479758,,0xdadfdc603c45a858640fc51bad13fbb74b4598647d01355c4503522b33efe6bb-228,0x7ab4cf25330ed7277ac7ab59380b68eea68abb0e,228,,597000000000000000000,stakeDelegateds,,,,,,0x8173fe6e01d386eec497a2e9dd79320b8e0a14ff,597000000000000000000,,,,,,
,11479790,,0x6a80d0980fa45743392f5a2e6b3fc42a2d5e24b68bdc9141e3a1e31bd80cc285-174,0x7ab4cf25330ed7277ac7ab59380b68eea68abb0e,174,,18075758597915200000000,stakeDelegateds,,,,,,0xfe7c442da0297313444b919ba17ca666d631d121,18075758597915200000000,,,,,,
,11480009,,0xe20432716f5d7100345ede96eddc62b2352bc448624ebbba01cac7f37ab0ae16-67,0x7ab4cf25330ed7277ac7ab59380b68eea68abb0e,67,,4409893939860600000000,stakeDelegateds,,,,,,0x45408879d7beee608011aac2790b6aaa95e30b55,4409893939860600000000,,,,,,
,11480143,,0x9c885aedcb9f407cff4cd4ac22f30456d4612b05d1497c22754c8a9512001ddb-236,0x7ab4cf25330ed7277ac7ab59380b68eea68abb0e,236,,203018993144550000000,stakeDelegateds,,,,,,0x928b0e7f1f9627266816d75766dfd185f9aa76f0,203018993144550000000,,,,,,
,11480608,,0xfc38c14b47304f9b6ec52db8a826525b179be68df08d28cd61ae6ad159b8bc8b-122,0x7ab4cf25330ed7277ac7ab59380b68eea68abb0e,122,,103412491906371000000000,stakeDelegateds,,,,,,0x46ba0af6bc60e6fabd9957744c057d031c720ace,103412491906371000000000,,,,,,
0x3303011d4f7d210e94ccb75530b773be55295b26,11480784,5,0x2c6abea652a0c1678bc00b49ff9bb665df6c3d6c6cd0635a53bd6f0092617567-215,0x7ab4cf25330ed7277ac7ab59380b68eea68abb0e,215,0x31edcacc9a53bc8ab4be2eeb0d873409da4c4228cb2d60e4243bd3b4e8af7500,3920061000000000000000000,allocationCreateds,,,,,,,,,,,,,
,11480902,,0x6398aba72dc00fdc13e5f2666fb1a04ce51fb56badfc6fc09693c95db247f0b0-131,0x7ab4cf25330ed7277ac7ab59380b68eea68abb0e,131,,3980000000000000000000,stakeDelegateds,,,,,,0x655ab4b2c31eaffdde8ab6baf3f247e4245dac11,3980000000000000000000,,,,,,
,11480994,,0x457ec8df072bb4c5946820c1f4497821fd5453a8dc5cf216a63e9462a36cc8c7-177,0x7ab4cf25330ed7277ac7ab59380b68eea68abb0e,177,,2207484109079750000000,stakeDelegatedLockeds,,,,,,0x4861a10ad69a7a6ca29384b21ca9b0f4d875af86,2207484109079750000000,1608345226,33,,,,
,11481087,,0xc067fffab69327b4c55dd3181c428edf586b2d0c7808aa26fd12254cb323c9d1-173,0x7ab4cf25330ed7277ac7ab59380b68eea68abb0e,173,,49750000000000000000000,stakeDelegateds,,,,,,0x065823e171f037b889c4e1029e8aa34d6b134307,49750000000000000000000,,,,,,
,11481433,,0xabe12e9be98012e54c33d2dbb44836d9a05a1bd3d1761465c2f597bc255075b7-238,0x7ab4cf25330ed7277ac7ab59380b68eea68abb0e,238,,5679806919758070000000,stakeDelegateds,,,,,,0xe3a38bb185eebca16ac86139b4b8200c293a2dad,5679806919758070000000,,,,,,
,11481573,,0x0f4b5c2daa0ee542167af2fd724edb518f94fb840e5b5d1fe86c9819cc03336a-78,0x7ab4cf25330ed7277ac7ab59380b68eea68abb0e,78,,5679806919758070000000,stakeDelegatedLockeds,,,,,,0xe3a38bb185eebca16ac86139b4b8200c293a2dad,5679806919758070000000,1608353177,33,,,,
,11481771,,0x66155b69e18878cdfd8165561ebf34c9bea8a300061bc454157302bbeb79bc6a-174,0x7ab4cf25330ed7277ac7ab59380b68eea68abb0e,174,,99500000000000000000,stakeDelegateds,,,,,,0x122c2f601a2f47b4ccab68a838213b1036485d68,99500000000000000000,,,,,,
,11481871,5,0x02a532c1aac5cfe709b19c334e742c7c721e5aa349c54b457227061469521fcf-114,0x7ab4cf25330ed7277ac7ab59380b68eea68abb0e,114,,,rewardsAssigneds,,,,,,,,,,,,,79000322109085100000000
,11481871,,0x02a532c1aac5cfe709b19c334e742c7c721e5aa349c54b457227061469521fcf-115,0x7ab4cf25330ed7277ac7ab59380b68eea68abb0e,115,,63200257687268000000000,stakeDepositeds,,,,,,,,,,,,,
0xb9ea968ea1cdf85bf2390e7703270e1f75168058,11481871,5,0x02a532c1aac5cfe709b19c334e742c7c721e5aa349c54b457227061469521fcf-116,0x7ab4cf25330ed7277ac7ab59380b68eea68abb0e,116,0x31edcacc9a53bc8ab4be2eeb0d873409da4c4228cb2d60e4243bd3b4e8af7500,4807692000000000000000000,allocationCloseds,FALSE,0xa8c993d2324612b1f962cea9365d90e70b306ac8,,,,,,,,,,,
,11481872,5,0xa173a378a92e3ffde4717edd8db1bbbfa76f829c6b8c0f58e27ea1b6f334f2a9-157,0x7ab4cf25330ed7277ac7ab59380b68eea68abb0e,157,,,rewardsAssigneds,,,,,,,,,,,,,78681945634908100000000
,11481872,,0xa173a378a92e3ffde4717edd8db1bbbfa76f829c6b8c0f58e27ea1b6f334f2a9-158,0x7ab4cf25330ed7277ac7ab59380b68eea68abb0e,158,,62945556507926500000000,stakeDepositeds,,,,,,,,,,,,,
0xaceef199756a63f97b0f31bfebb7065b17796971,11481872,5,0xa173a378a92e3ffde4717edd8db1bbbfa76f829c6b8c0f58e27ea1b6f334f2a9-159,0x7ab4cf25330ed7277ac7ab59380b68eea68abb0e,159,0x31edcacc9a53bc8ab4be2eeb0d873409da4c4228cb2d60e4243bd3b4e8af7500,4807692000000000000000000,allocationCloseds,FALSE,0xa8c993d2324612b1f962cea9365d90e70b306ac8,,,,,,,,,,,
0x344ca9d6259079af198866f57f964f02d9b24b7e,11481994,5,0x8528c4b3a2db3801e4866661306b5370f9f03045ddcf8318e3e8e7f93d1beb62-194,0x7ab4cf25330ed7277ac7ab59380b68eea68abb0e,194,0x31edcacc9a53bc8ab4be2eeb0d873409da4c4228cb2d60e4243bd3b4e8af7500,3920061000000000000000000,allocationCreateds,,,,,,,,,,,,,
0xdd05d8475fe6dd25818f120a462b91117fb496ec,11482008,5,0xaa655dc2c8f8ecaa29cdc7d43609d030abbf8abcdfdf39eb609665c76f09c1e9-254,0x7ab4cf25330ed7277ac7ab59380b68eea68abb0e,254,0x31edcacc9a53bc8ab4be2eeb0d873409da4c4228cb2d60e4243bd3b4e8af7500,3920061000000000000000000,allocationCreateds,,,,,,,,,,,,,
,11482073,,0xe01475173083d241e5852d3cdb80b021855954f6b85b3f2afc675e7f6c6cec58-145,0x7ab4cf25330ed7277ac7ab59380b68eea68abb0e,145,,199000000000000000000,stakeDelegateds,,,,,,0x4906e4f95ad546ce865916f65c825e00630bffa8,197996109588196000000,,,,,,
0xa14edb298bdba89ba82ab8b24400f5eed78ea073,11482082,5,0x8a2ce9d4f8a23783b34204e52a07eaa1e8e18d8888730b331aad8808722ebe2d-257,0x7ab4cf25330ed7277ac7ab59380b68eea68abb0e,257,0x31edcacc9a53bc8ab4be2eeb0d873409da4c4228cb2d60e4243bd3b4e8af7500,3920061000000000000000000,allocationCreateds,,,,,,,,,,,,,
,11482133,,0x072c8d48b526d29429deb49d0f1e336b52704b3f02f6b561f8b19f212397e0d6-190,0x7ab4cf25330ed7277ac7ab59380b68eea68abb0e,190,,348250000000000000000,stakeDelegateds,,,,,,0xbc0e3a344a28ad0ac07e5838af6ecfe8b026e1e1,346493191779343000000,,,,,,
,11482297,,0x32afb6054aaa46c9ff4e4542cab9d962875572225e1d10221e11afe2751561dc-167,0x7ab4cf25330ed7277ac7ab59380b68eea68abb0e,167,,7212755000000000000000,stakeDelegateds,,,,,,0x9af906c01f75154dd3402dfa441c7a4251c3201f,7176368992024170000000,,,,,,
,11482336,,0xd4b85046d511f473e9d846c0b72148f9a8b13c6ade227058155e3fdd3501477d-310,0x7ab4cf25330ed7277ac7ab59380b68eea68abb0e,310,,650029186268782000000,stakeDelegatedLockeds,,,,,,0x4e43a0cd79a9324645167e70aa6cdbdfa91a43e9,646749999999999000000,1608363538,33,,,,
,11482480,,0x18e67f47a1e8cd7f3721610340b351b9e600a3a4db91e74e4851a8277fc748e3-197,0x7ab4cf25330ed7277ac7ab59380b68eea68abb0e,197,,14925000000000000000000,stakeDelegateds,,,,,,0x3ece8d40dac89ffb408f7cb5eaf24ab6a3135028,14849708219114700000000,,,,,,
,11482539,,0x1d08efa72977208ef4336b3cefd144c7712062ecc83fa8948ec2e21de2eef26f-9,0x7ab4cf25330ed7277ac7ab59380b68eea68abb0e,9,,18167407271115300000000,stakeDelegatedLockeds,,,,,,0xfe7c442da0297313444b919ba17ca666d631d121,18075758597915200000000,1608366373,33,,,,
,11482554,,0xe621deb359f1784f3d4ec7f64271521099db2a8710c3367d4ab92f0245aca6b9-260,0x7ab4cf25330ed7277ac7ab59380b68eea68abb0e,260,,5337040730851420000000,stakeDelegateds,,,,,,0xf15be71508636042c3ce18a0fade2e1c6b786fa5,5310117092574500000000,,,,,,
,11482680,,0xba12c6d000577bbf2068cc5f6c962a43a1ecc9fc6005ab7bc9a078f80cedd289-269,0x7ab4cf25330ed7277ac7ab59380b68eea68abb0e,269,,995000000000000000000,stakeDelegateds,,,,,,0x3238934316238ebbda1ffb229ec9a37bf66c5564,989980547940981000000,,,,,,
,11482757,,0x36d30c418b2d6730642bfae41146c8907bcc0a0ceb33a9f268b4390d0ae1cef4-199,0x7ab4cf25330ed7277ac7ab59380b68eea68abb0e,199,,849225435500000000000,stakeDelegateds,,,,,,0xcb93fb7ec03959c54b39c2467ab10cea8ab029da,844941368805737000000,,,,,,
,11482884,,0x9e2e51dfbfc7baa9b6ea050933af1506b01f70f857d3d80d1365889bb21c269b-234,0x7ab4cf25330ed7277ac7ab59380b68eea68abb0e,234,,49750000000000000000000,stakeDelegateds,,,,,,0xa911ccf5f6c7bd5fb25188d41a536890c3c8fae5,49499027397049000000000,,,,,,
,11482929,,0x8e065d280e598c4cda1541fd4ffa4b4445616125a627dbf79263a5a18dc40f57-186,0x7ab4cf25330ed7277ac7ab59380b68eea68abb0e,186,,49750000000000000000000,stakeDelegateds,,,,,,0xa911ccf5f6c7bd5fb25188d41a536890c3c8fae5,49499027397049000000000,,,,,,
,11482963,,0xd6e582a0e55d8cd06be384151505f8e4970d9cb1a79c63c41ccc938d4e2ebd40-207,0x7ab4cf25330ed7277ac7ab59380b68eea68abb0e,207,,19900000000000000000000,stakeDelegateds,,,,,,0x50fcb5bf7b7df68b26dd0b83b164a9edc92f945f,19799610958819600000000,,,,,,
,11483096,,0x3fa84c6b26d90975df2f34fa442d4d9c1f010d81c5c0c6291924a2e656861207-238,0x7ab4cf25330ed7277ac7ab59380b68eea68abb0e,238,,131567003640328000000,stakeDelegateds,,,,,,0xb3d0204e133b24b455d49d9f87b6d1c605435acc,130903290808849000000,,,,,,
,11483136,,0xd852973a2ff41d899b438154e9766c45acc5701c3b214808e4989819855954b3-165,0x7ab4cf25330ed7277ac7ab59380b68eea68abb0e,165,,9950000000000000000000,stakeDelegateds,,,,,,0x29717eb79b59f9610c036ea50741153a8826d5ff,9899805479409810000000,,,,,,
,11483197,,0x9167d2507d27a1e56163418612a0a6091c5ea7985dc2f06c5e94e7b08d4cead4-70,0x7ab4cf25330ed7277ac7ab59380b68eea68abb0e,70,,1492500000000000000000000,stakeDelegateds,,,,,,0x8b234c946b9d61c1ec252bf6b3ba19543a848b10,1484970821911470000000000,,,,,,
,11483209,,0x6666b942bbbfde705fb85f98f5b76f7bbb0181a87297726bc725cd85eb58ce5a-160,0x7ab4cf25330ed7277ac7ab59380b68eea68abb0e,160,,49750000000000000000,stakeDelegateds,,,,,,0xbd87efbd4b883a969b646045dd9a3661468ecc23,49499027397049000000,,,,,,
,11483298,,0x1a4baac0c568e2bc6f305adbb146f615a53e3f8e58cf2a3588b4075b682574c9-227,0x7ab4cf25330ed7277ac7ab59380b68eea68abb0e,227,,49750000000000000000000,stakeDelegateds,,,,,,0x301137fea55e26fcd10c493a212a30f21d2ed432,49499027397049000000000,,,,,,
,11483320,,0x06a633b67d695f3bbbfa23e778b5d0f1ebd3627f795786cca992be8c14b2ca52-91,0x7ab4cf25330ed7277ac7ab59380b68eea68abb0e,91,,144275000000000000000000,stakeDelegateds,,,,,,0x8c8df0a80eef0606e4767f1fb7a45a53e04ec6ae,143547179451442000000000,,,,,,
,11483350,,0xa715b887b6c32518351ea28689902bf4a1af19168b7bf24ff981fd600ab8797a-63,0x7ab4cf25330ed7277ac7ab59380b68eea68abb0e,63,,4975000000000000000000,stakeDelegateds,,,,,,0xf4678b618ff00d2acf2b1a0e8a743d9dd4648cd2,4949902739704900000000,,,,,,
,11483391,,0xe38d9d447a8e704e590c59b197b393e7d8fc23b83611b8f9bf1771a1041faa33-204,0x7ab4cf25330ed7277ac7ab59380b68eea68abb0e,204,,145134179318624000000,stakeDelegateds,,,,,,0xbd2c2d401949a31ccbbea5ae7b998e975adcd424,144402024489263000000,,,,,,
,11483418,,0x6b67fb5f1dece1289a5d99bc08a0949f1eebc6fc080140d34e73c3b7460aad76-262,0x7ab4cf25330ed7277ac7ab59380b68eea68abb0e,262,,65670000000000000000000,stakeDelegateds,,,,,,0x5ce95cf658909bf9ebf03dc6e5f32fa0961b689e,65338716164104800000000,,,,,,
,11483485,,0xa7be34367bc314a303d891c7d71d661ca89e350e6a9ecff17309f158c5392493-257,0x7ab4cf25330ed7277ac7ab59380b68eea68abb0e,257,,53106115100000000000000,stakeDelegateds,,,,,,0xb7797cb7b4a031c4c1e04ea14824fa5d8d30beed,52838211985643000000000,,,,,,
,11483624,,0x15cf63cb3eb598490ee714f067d7112d156d86d0a24cfe4c0e3ef855a8173c6a-294,0x7ab4cf25330ed7277ac7ab59380b68eea68abb0e,294,,24875000000000000000000,stakeDelegateds,,,,,,0x44203a7237c071474616612a77f5d910b91f3a57,24749513698524500000000,,,,,,
,11483629,,0xd0d8ed6ba113860822a63c61a6b15c1aafc480566669f710654fd0ac796b0af9-218,0x7ab4cf25330ed7277ac7ab59380b68eea68abb0e,218,,9950000000000000000000,stakeDelegateds,,,,,,0x049808d5eaa90a2665b9703d2246dded34f1eb73,9899805479409810000000,,,,,,
,11483644,,0xe2859d5c9cc39f027e072c315d76862c3b2be07b3d73759862c76d3008c07869-355,0x7ab4cf25330ed7277ac7ab59380b68eea68abb0e,355,,995000000000000000000,stakeDelegateds,,,,,,0xffd0b16ad371a90676c4442b4065ea01cf500e11,989980547940981000000,,,,,,
,11483652,,0x6430905263ffc1534781643e239a788d69dcde33137c3cfff9409cce112bcefb-97,0x7ab4cf25330ed7277ac7ab59380b68eea68abb0e,97,,19900000000000000000000,stakeDelegateds,,,,,,0xef984be913c22645bdd7dc1388b3d2b9c5744092,19799610958819600000000,,,,,,
,11483678,,0x14644ad6878d2f210eea158d88f9b75b9148189a12bbd35b3130483a1abafdc1-260,0x7ab4cf25330ed7277ac7ab59380b68eea68abb0e,260,,199000000000000000000,stakeDelegateds,,,,,,0x1b17e906edc0af2f658419bbea4a39a10506886e,197996109588196000000,,,,,,
,11483701,,0x8bdb9c04af9a1995d94e0af82599feef93239f8ec6e8e926e551d1d33e82fde9-215,0x7ab4cf25330ed7277ac7ab59380b68eea68abb0e,215,,29850000000000000000000,stakeDelegateds,,,,,,0x1d9037614ee870efb809fa45e3e705a6f3fdeb1f,29699416438229400000000,,,,,,
,11483757,,0x17c7dca4d8f8ab40973a540b048135698f6875df9f8c5693db170257e7effa7d-226,0x7ab4cf25330ed7277ac7ab59380b68eea68abb0e,226,,995000000000000000000,stakeDelegateds,,,,,,0xffd0b16ad371a90676c4442b4065ea01cf500e11,989980547940981000000,,,,,,
,11483833,,0x56ec15238c038cc5a114184b9455c5a3be5c86ef59299a805f2da8e0dd6de1fb-328,0x7ab4cf25330ed7277ac7ab59380b68eea68abb0e,328,,132706115100000000000000,stakeDelegateds,,,,,,0x3f2986549e4a6d8486b64bee434a3978c3e5a1bc,132036655820921000000000,,,,,,
,11483865,,0xa3fd1d1092d16dc48cfad1b5d42128c85760a8133704df3338cb8d98cbce192b-187,0x7ab4cf25330ed7277ac7ab59380b68eea68abb0e,187,,39595669650896700000000,stakeDelegateds,,,,,,0xe4369be6df50aa406db8212ae00cf81917c848ea,39395922348828900000000,,,,,,
,11483902,,0x8c2f0e48da37dd3ed9af0927b41ad9a65a30c1c69eaa3628e744fb40d9325774-88,0x7ab4cf25330ed7277ac7ab59380b68eea68abb0e,88,,510435000000000000000,stakeDelegateds,,,,,,0xfeae8058f880fc2e3df1b785a0f0ca5d70c88263,507860021093723000000,,,,,,
,11483929,,0x4f9fd28f48f7d1e2bc0d655c54ced6d79b13c624002bf8d20b8ee6a8d4b2cf0f-217,0x7ab4cf25330ed7277ac7ab59380b68eea68abb0e,217,,10000745000000000000000,stakeDelegateds,,,,,,0xf7a489bbd270e60c8c53df31c36aeffa14a9260b,9950294487354800000000,,,,,,
,11483944,,0x5fa5f1e881e34538db572d96807baa59cb61c53a784ebed0754e5e0b8f617433-168,0x7ab4cf25330ed7277ac7ab59380b68eea68abb0e,168,,1659772485756970000000,stakeDelegateds,,,,,,0xacee43c75e4a132f52f1577a886cd93b93363073,1651399472268390000000,,,,,,
,11483954,,0xb557a6f5c4ef6dd1680c29301acf70a71743f8b8cd4baaa1095c26f3c019b4e8-260,0x7ab4cf25330ed7277ac7ab59380b68eea68abb0e,260,,24356038110332800000000,stakeDelegateds,,,,,,0xe4369be6df50aa406db8212ae00cf81917c848ea,24233169803154500000000,,,,,,
,11484015,,0xa80b714b3328176871214415c9be03bf71fb808a8ec1c6d8f2d8618ad8da9457-113,0x7ab4cf25330ed7277ac7ab59380b68eea68abb0e,113,,63951707761229500000000,stakeDelegatedLockeds,,,,,,0xe4369be6df50aa406db8212ae00cf81917c848ea,63629092151983400000000,1608385368,33,,,,
,11484016,,0xda4c764eeb49a9db9bdfcf1e1e1da6f6e03b11ab32b82d34f941e44746ef4f3b-199,0x7ab4cf25330ed7277ac7ab59380b68eea68abb0e,199,,712682680000000000000,stakeDelegateds,,,,,,0x4065149108a615930114bb511818fc0909aa9269,709087427190399000000,,,,,,
,11484055,,0xd0ff919fb508c62ff6331121a971fc743787345d3cb7d999f489c8e4bec56614-74,0x7ab4cf25330ed7277ac7ab59380b68eea68abb0e,74,,1393000000000000000,stakeDelegateds,,,,,,0x12ef2cd4231d5cf655a6cdd4ac1524ffaa439c17,1385972767117370000,,,,,,
,11484109,,0x27c9e358545995ebab0b91b784e99e0a66c25449cf07d2102c945f638bc874d4-105,0x7ab4cf25330ed7277ac7ab59380b68eea68abb0e,105,,3130270000000000000000,stakeDelegateds,,,,,,0xc2f063a8f9ac5e9e7ed1092238bde34df6f64e80,3114478803822320000000,,,,,,
,11484220,,0xd5eab101f034d7f5ccf0c7fee504b812cf3d5a0b2076eca8fe41c570272d750b-154,0x7ab4cf25330ed7277ac7ab59380b68eea68abb0e,154,,132706115100000000000000,stakeDelegateds,,,,,,0x63939c946a4dd8a1892f975cecd8b55672edfe3c,132036655820921000000000,,,,,,
,11484324,,0xf6a2ffc8eaffc4bdc226bad637bd2fa2fbfe09b622a92346b384b9135e2cb614-177,0x7ab4cf25330ed7277ac7ab59380b68eea68abb0e,177,,414273252611250000000,stakeDelegateds,,,,,,0x3d088b87c048e5fd4e3a6f9cc04490501b1dbae1,412183378509927000000,,,,,,
,11484335,,0x2657b96b9e3c39dcf0bbf8663fbda13386ebfcf5e15e7cc7769fa71831e3073e-232,0x7ab4cf25330ed7277ac7ab59380b68eea68abb0e,232,,132706115100000000000000,stakeDelegateds,,,,,,0x6cb9ae7eb3487b5f39330cc26a9ed115756dd10c,132036655820921000000000,,,,,,
,11484354,,0x5b0493ac56bf41d67cb4dabc1698af7ea17cb878bf988cabd945b1adc7900d11-250,0x7ab4cf25330ed7277ac7ab59380b68eea68abb0e,250,,19900000000000000000000,stakeDelegateds,,,,,,0xf4ddc3cfdbd298dd9b9775ae05cff8119a689180,19799610958819600000000,,,,,,
,11484422,,0x416e2bda0736f656d572b62a15fc06d69fc0e206b86a0b37b2347ee18ba934a0-180,0x7ab4cf25330ed7277ac7ab59380b68eea68abb0e,180,,63013350000000000000000,stakeDelegateds,,,,,,0xd4588f95fdf89e5c2d5e83d89ecc5c1aa5309c3c,62695468101102300000000,,,,,,
,11484429,,0x311fefea2244292888045a33db571189fe1be3d382e0a1ff42cc647813449914-232,0x7ab4cf25330ed7277ac7ab59380b68eea68abb0e,232,,19900000000000000000,stakeDelegateds,,,,,,0xe29d1689dce347a5122e304c1f9fa09f1efe4f2f,19799610958819600000,,,,,,
,11484560,,0x69eb1db0dd8b092f6cc2ac4a3f218538c705d3a7c4a5d7805d1a17b283f790bf-172,0x7ab4cf25330ed7277ac7ab59380b68eea68abb0e,172,,381733956986296000000000,stakeDelegateds,,,,,,0xf481ef84e246203672c8d6467561d1105ede3a40,379808233070324000000000,,,,,,
,11484616,,0xa84620d4d71d406814f02a2f85fccb7cc2153bc73f9a646677aac37ae6abae27-207,0x7ab4cf25330ed7277ac7ab59380b68eea68abb0e,207,,50446373605150000000,stakeDelegateds,,,,,,0x6b20ae8a2efe917b3b25b1a430f08f2fcd4bcff7,50191888023378700000,,,,,,
,11484631,,0x627b2ec997ab0a7dbbee7c4334792ba22f48fa7c21240eb870c9f1260535251d-25,0x7ab4cf25330ed7277ac7ab59380b68eea68abb0e,25,,995000000000000000000,stakeDelegateds,,,,,,0x64d0d6fe02423450bcd674e44135076d6cfeed24,989980547940981000000,,,,,,
,11484702,,0x1dbb60ae3a2e8e9c6ca2bab0ac689fafe063cb9cf0ed50d0e65b8926eab032dd-59,0x7ab4cf25330ed7277ac7ab59380b68eea68abb0e,59,,364493214466700000000,stakeDelegateds,,,,,,0x6b20ae8a2efe917b3b25b1a430f08f2fcd4bcff7,362654464501018000000,,,,,,
,11484710,,0x4e7ad894d4d7caa070b9762e47ba79b93e78001dde16115d771384039345abca-290,0x7ab4cf25330ed7277ac7ab59380b68eea68abb0e,290,,19900000000000000000000,stakeDelegateds,,,,,,0x53c4be51acd98078245f087a1ef0805eca8e4c25,19799610958819600000000,,,,,,
,11484726,,0x545aa47430674f77ca3432c9aaeee07be9ed5b58f86d6c7d39dffc00631800f2-243,0x7ab4cf25330ed7277ac7ab59380b68eea68abb0e,243,,7913200026139560000000,stakeDelegateds,,,,,,0xe0e2dfc3ecf8dde7260c0b1df497dbbf52917787,7873280500345960000000,,,,,,
,11484934,,0xbec9e3c500fdc97915266876aa7529df9aaa09f5799b9e7e82835f1815d46353-177,0x7ab4cf25330ed7277ac7ab59380b68eea68abb0e,177,,31507670000000000000000,stakeDelegateds,,,,,,0xd4588f95fdf89e5c2d5e83d89ecc5c1aa5309c3c,31348724031099100000000,,,,,,
,11485074,,0xdebc1f8d097338cf17522ea59aaa5814f2edc4f7911109728516bcd65159407c-128,0x7ab4cf25330ed7277ac7ab59380b68eea68abb0e,128,,60031335000000000000000,stakeDelegateds,,,,,,0x9e747fc985bedda32211b7a93e347cef8dd22805,59728496398923200000000,,,,,,
,11485246,,0xe70a3ca289850121124ad7f70eccd3e5054764761f948c09f2da385e8a4be38a-220,0x7ab4cf25330ed7277ac7ab59380b68eea68abb0e,220,,13267330000000000000000,stakeDelegateds,,,,,,0x65dd7b52d51118cc081d3d797c1bfdcceec5f7d9,13200400626245000000000,,,,,,
,11485314,,0xfeee6251eba9d22a8204f92e3ac4dbc7b49f509b630b4fffa841e8da8037257d-217,0x7ab4cf25330ed7277ac7ab59380b68eea68abb0e,217,,1492500000000000000000,stakeDelegateds,,,,,,0x3c45550a9ed1bd5042641e0bc3bc9324ff4f2ed3,1484970821911470000000,,,,,,
,11485390,,0xb2e907f4016615b51a53ebdca117c88f1b0493b7911520e8307a2dfbc9dd9d25-111,0x7ab4cf25330ed7277ac7ab59380b68eea68abb0e,111,,4975000000000000000000,stakeDelegateds,,,,,,0xf748879edbe8cca140940788163d7be4d2a2e46a,4949902739704900000000,,,,,,
,11485426,,0x24dbad70cc6f73edf7d3ca01bdcd3447ba7ef798c98d06a4ee6fb84461fc873f-179,0x7ab4cf25330ed7277ac7ab59380b68eea68abb0e,179,,9950000000000000000000,stakeDelegateds,,,,,,0x9a5aaf145d11dd36747ca3c14422d9714a3de366,9899805479409810000000,,,,,,
,11485430,,0xf60e0d418d152d3300c5ac65ebd98e7ee581f7b2218b6102d96b9ab346667c04-89,0x7ab4cf25330ed7277ac7ab59380b68eea68abb0e,89,,199000000000000000000000,stakeDelegateds,,,,,,0x2c85e202474086fe7deea3c0e2f58f3bddad01a0,197996109588196000000000,,,,,,
,11485434,,0x96918ed5a4b0a09c1d381603748c8d40c53c4d18f44429e58b1a92ea1a45b761-218,0x7ab4cf25330ed7277ac7ab59380b68eea68abb0e,218,,6866254253481500000000,stakeDelegateds,,,,,,0xf748879edbe8cca140940788163d7be4d2a2e46a,6831616229310260000000,,,,,,
,11485647,,0xd38a2a85ab374f77768e672c3b5f2dfd897d484852d83b8fda43256cc86222a1-247,0x7ab4cf25330ed7277ac7ab59380b68eea68abb0e,247,,4975000000000000000000,stakeDelegateds,,,,,,0x38ff5e822bef345d52376dc52f7d89e55dbc5ea1,4949902739704900000000,,,,,,
,11485683,,0xf107aedc70066affa37a4d86a0b6bef07b9e6c35685d9d7c0d55edd72c846bf5-186,0x7ab4cf25330ed7277ac7ab59380b68eea68abb0e,186,,2963110000000000000000,stakeDelegateds,,,,,,0x6273540b8160b2d923652552fade0da98bb10dc5,2948162071768240000000,,,,,,
,11485784,,0x105e5b5a6e404e0459f9edec87df87d37cdec234b55a5d0db36818995eb475d6-110,0x7ab4cf25330ed7277ac7ab59380b68eea68abb0e,110,,279818875000000000000,stakeDelegateds,,,,,,0xf2efc7b78168abc6a5be99e5624c64f2499d91fc,278407279594702000000,,,,,,
,11485808,,0x4b3ecbfff12b1253f7859c75864fcd01face530c831ec0766a903962fe659ba7-179,0x7ab4cf25330ed7277ac7ab59380b68eea68abb0e,179,,9950000000000000000000,stakeDelegateds,,,,,,0x09ab720be0deda7f664e5dd15c5f33472da0e0fe,9899805479409810000000,,,,,,
,11485811,,0x5cf391695a0c07eb1d04fd5e5571373e6d17dc9e7dc0165db87726fe58aa9eb0-149,0x7ab4cf25330ed7277ac7ab59380b68eea68abb0e,149,,99500000000000000000,stakeDelegateds,,,,,,0x42a96b08305048ca2c6fb6c9c889dc3bcb4d0259,98998054794098100000,,,,,,
,11485852,,0x7fa0c31a23bf61e28e8718d507103dacd55cba9799d48824b71bce6717403206-156,0x7ab4cf25330ed7277ac7ab59380b68eea68abb0e,156,,1427825000000000000000,stakeDelegateds,,,,,,0x546bd956c48cad0d9c25d5f8524493a3530cba81,1420622086295300000000,,,,,,
,11485855,,0x0c448ec5c29f9ffa93e555990a2d1eea5a61fc740956d9e7c49b2970a4661ff5-228,0x7ab4cf25330ed7277ac7ab59380b68eea68abb0e,228,,99500000000000000000,stakeDelegateds,,,,,,0x576ae2dadaac088c135fe8bb3b256773663b0e58,98998054794098100000,,,,,,
,11485890,,0x1fc7b6f003653ed864600c9a9ceb989adad73614f29c4271a314bf39b6afd333-265,0x7ab4cf25330ed7277ac7ab59380b68eea68abb0e,265,,1172110000000000000000,stakeDelegateds,,,,,,0x521319fc66afb0959cd53e62e4c945b710a7bfb2,1166197085474470000000,,,,,,
,11485966,,0x894071c8f4a1fddb639d739ff19207a01ac63a365a151110c63b977659a24fe0-140,0x7ab4cf25330ed7277ac7ab59380b68eea68abb0e,140,,123034418152200000000,stakeDelegateds,,,,,,0x8abac98aba75b4cf5c4e8c07d45f4c688ecb764f,122413749445140000000,,,,,,
,11486114,,0xf58c1121c5fbef68900f7fd9e2ab9f27c91be68ca12f91d6c711e962282376a5-171,0x7ab4cf25330ed7277ac7ab59380b68eea68abb0e,171,,6268500000000000000000,stakeDelegateds,,,,,,0xef1335914a41f20805bf3b74c7b597afc4dafbee,6236877452028180000000,,,,,,
,11486539,,0x894024e84c359e38f0838f4debce779e806d8dc5b8537c2149c499dfdecb3ad3-175,0x7ab4cf25330ed7277ac7ab59380b68eea68abb0e,175,,1020435936146150000000,stakeDelegateds,,,,,,0xdfc026ca5508646dc1efbf79570200e0b27d8d35,1015288168044860000000,,,,,,
,11486546,,0xa42c424a228c344053f32cfde2b1fbf0a072696dc5b5ff48f25136ac01c93f33-266,0x7ab4cf25330ed7277ac7ab59380b68eea68abb0e,266,,4975000000000000000000,stakeDelegateds,,,,,,0x808fc4d6d9fdf6e5eebcd486a078839e21bd2bd2,4949902739704900000000,,,,,,
,11486557,,0x81be7f0eb688453fd0873d2e560af8e0809951870cdda49d104236c6ed35834a-239,0x7ab4cf25330ed7277ac7ab59380b68eea68abb0e,239,,8152646475586590000000,stakeDelegateds,,,,,,0x564a77fe6ec7377e6c153d7e2e23029067073eff,8111519020171190000000,,,,,,
,11486647,6,0x9977d6283c7347bf3a256a3792c686d57f911dc4bf8c49a8635cb5c297f216ed-170,0x7ab4cf25330ed7277ac7ab59380b68eea68abb0e,170,,,rewardsAssigneds,,,,,,,,,,,,,37810500232191400000000
,11486647,,0x9977d6283c7347bf3a256a3792c686d57f911dc4bf8c49a8635cb5c297f216ed-171,0x7ab4cf25330ed7277ac7ab59380b68eea68abb0e,171,,30248400185753100000000,stakeDepositeds,,,,,,,,,,,,,
0x3303011d4f7d210e94ccb75530b773be55295b26,11486647,6,0x9977d6283c7347bf3a256a3792c686d57f911dc4bf8c49a8635cb5c297f216ed-172,0x7ab4cf25330ed7277ac7ab59380b68eea68abb0e,172,0x31edcacc9a53bc8ab4be2eeb0d873409da4c4228cb2d60e4243bd3b4e8af7500,3920061000000000000000000,allocationCloseds,FALSE,0xa8c993d2324612b1f962cea9365d90e70b306ac8,,,,,,,,,,,
,11486665,,0x8327cbb41cf7ca81bd88ff86fdff62e82a7126c4bddb0953a7d12758ab2d6b96-303,0x7ab4cf25330ed7277ac7ab59380b68eea68abb0e,303,,2163929980000000000000,stakeDelegateds,,,,,,0x8e3d19bc54340d6dbc9e1beb9652e4c3290e0e3a,2151313044377580000000,,,,,,
,11486668,6,0x08536cb187c1bcf729294738d014bfc484133292dc87161227030a9eae809667-114,0x7ab4cf25330ed7277ac7ab59380b68eea68abb0e,114,,,rewardsAssigneds,,,,,,,,,,,,,26381732043325300000000
,11486668,,0x08536cb187c1bcf729294738d014bfc484133292dc87161227030a9eae809667-115,0x7ab4cf25330ed7277ac7ab59380b68eea68abb0e,115,,21105385634660300000000,stakeDepositeds,,,,,,,,,,,,,
0x344ca9d6259079af198866f57f964f02d9b24b7e,11486668,6,0x08536cb187c1bcf729294738d014bfc484133292dc87161227030a9eae809667-116,0x7ab4cf25330ed7277ac7ab59380b68eea68abb0e,116,0x31edcacc9a53bc8ab4be2eeb0d873409da4c4228cb2d60e4243bd3b4e8af7500,3920061000000000000000000,allocationCloseds,FALSE,0xa8c993d2324612b1f962cea9365d90e70b306ac8,,,,,,,,,,,
,11486669,6,0x0e84eefd549706cfb2d9eb870fd4f9094f6257cc04becb7bcf8b06cd17243071-252,0x7ab4cf25330ed7277ac7ab59380b68eea68abb0e,252,,,rewardsAssigneds,,,,,,,,,,,,,25494839303727800000000
,11486669,,0x0e84eefd549706cfb2d9eb870fd4f9094f6257cc04becb7bcf8b06cd17243071-253,0x7ab4cf25330ed7277ac7ab59380b68eea68abb0e,253,,20395871442982200000000,stakeDepositeds,,,,,,,,,,,,,
0xa14edb298bdba89ba82ab8b24400f5eed78ea073,11486669,6,0x0e84eefd549706cfb2d9eb870fd4f9094f6257cc04becb7bcf8b06cd17243071-254,0x7ab4cf25330ed7277ac7ab59380b68eea68abb0e,254,0x31edcacc9a53bc8ab4be2eeb0d873409da4c4228cb2d60e4243bd3b4e8af7500,3920061000000000000000000,allocationCloseds,FALSE,0xa8c993d2324612b1f962cea9365d90e70b306ac8,,,,,,,,,,,
,11486671,6,0x42fc0ca5b82b9a2773762f2b01444cc033bb3d87ae58c9c2e08d90a5eb1873d7-220,0x7ab4cf25330ed7277ac7ab59380b68eea68abb0e,220,,,rewardsAssigneds,,,,,,,,,,,,,26234529693224200000000
,11486671,,0x42fc0ca5b82b9a2773762f2b01444cc033bb3d87ae58c9c2e08d90a5eb1873d7-221,0x7ab4cf25330ed7277ac7ab59380b68eea68abb0e,221,,20987623754579300000000,stakeDepositeds,,,,,,,,,,,,,
0xdd05d8475fe6dd25818f120a462b91117fb496ec,11486671,6,0x42fc0ca5b82b9a2773762f2b01444cc033bb3d87ae58c9c2e08d90a5eb1873d7-222,0x7ab4cf25330ed7277ac7ab59380b68eea68abb0e,222,0x31edcacc9a53bc8ab4be2eeb0d873409da4c4228cb2d60e4243bd3b4e8af7500,3920061000000000000000000,allocationCloseds,FALSE,0xa8c993d2324612b1f962cea9365d90e70b306ac8,,,,,,,,,,,
,11486675,,0x435d51b30322e1a0ca06787c690a6a470d1d30b219d651ff1183620ba1a3afc1-102,0x7ab4cf25330ed7277ac7ab59380b68eea68abb0e,102,,123549248499463000000,stakeDelegateds,,,,,,0x3bd00d34e3d5af7c8a3d1b1cac5e160b2213986b,122628829842065000000,,,,,,
0x39376a04c6dd34c0e8f819b04de61e12fa8516ad,11486718,6,0x2c77255bdc2fa41d0e7a4c5d1291bff45f8c262c84163f5a7de338e0b26003e4-201,0x7ab4cf25330ed7277ac7ab59380b68eea68abb0e,201,0x31edcacc9a53bc8ab4be2eeb0d873409da4c4228cb2d60e4243bd3b4e8af7500,9712986000000000000000000,allocationCreateds,,,,,,,,,,,,,
0x952c46bdd67f724dcd16e3c0305b68cb23cb9d30,11486719,6,0x99963e4808e28061f9c771543950da970e6ef590ddb0f0958454288445ac44d3-221,0x7ab4cf25330ed7277ac7ab59380b68eea68abb0e,221,0x31edcacc9a53bc8ab4be2eeb0d873409da4c4228cb2d60e4243bd3b4e8af7500,9712986000000000000000000,allocationCreateds,,,,,,,,,,,,,
,11486737,,0xf7782c59159cf8db14dfb8b30fc7ceff99d26d3e0c10eb74140695889bd180ca-210,0x7ab4cf25330ed7277ac7ab59380b68eea68abb0e,210,,696500000000000000000,stakeDelegateds,,,,,,0x75b5a51fb9107407fb7bb637e7b705357c73ea02,691311206035939000000,,,,,,
,11486928,,0x1d5ed44945c2493eadc0617dc1fc7d69b835eeb695846ef16d99023d710c93bd-213,0x7ab4cf25330ed7277ac7ab59380b68eea68abb0e,213,,12602670000000000000000,stakeDelegateds,,,,,,0x4c06a0ab57da91c9479e481d1da2fafe77e31761,12508782479501700000000,,,,,,
,11486938,,0x48319e44c2b64c470c500f8e52f08399d6bee1b270a7c7d961f6c125df49789a-354,0x7ab4cf25330ed7277ac7ab59380b68eea68abb0e,354,,544937728455601000000,stakeDelegateds,,,,,,0xccb586177f8e2461a81cacdb8b793b2e265df169,540878044900397000000,,,,,,
,11486944,,0x9dcf9357628d9ec583936b841a46e0ff93b64d5a23885a5361c0531a05dd2c29-197,0x7ab4cf25330ed7277ac7ab59380b68eea68abb0e,197,,994114450000000000000,stakeDelegateds,,,,,,0x7877128177d48482658f0f404b10d04f7db7c271,986708484375096000000,,,,,,
,11487052,,0x45d4e9a1c91c5729ae45916805b916bc37228bce1a74544d1c0c04c5f90e8bfa-6,0x7ab4cf25330ed7277ac7ab59380b68eea68abb0e,6,,497500000000000000000,stakeDelegateds,,,,,,0x952924e66af2bf3985c4364a762dc39f083c984b,493793718597099000000,,,,,,
,11487160,,0xb1a7b1890473ccb614ddcaf0cbf878a46bab996b5481cae8c833b874896ec30b-210,0x7ab4cf25330ed7277ac7ab59380b68eea68abb0e,210,,497500000000000000000,stakeDelegateds,,,,,,0xe2d128323cf7560a6e7a82726d7b425aedc7a556,493793718597099000000,,,,,,
,11487170,,0xae8ec98406ed94e90897af2cc49778d8fbd0710382dd5d3102e1345795200451-111,0x7ab4cf25330ed7277ac7ab59380b68eea68abb0e,111,,398000000000000000000,stakeDelegateds,,,,,,0x8aef8de06aa03916eccd39d7552c81bbdf269349,395034974877679000000,,,,,,
,11487231,,0x6e52920ee6ef2ca72e4236ab9d3ff5afa074da64ca918c96e7255aad5d4d87db-155,0x7ab4cf25330ed7277ac7ab59380b68eea68abb0e,155,,54794423468350000000,stakeDelegateds,,,,,,0xaac19dcaf616e0197176f86b24e3d3d24ac49846,54386215322252700000,,,,,,
,11487316,,0x4e4827a59c79ab0d4a0baea181badaf558b0ff8a9244addd76cb479959493900-29,0x7ab4cf25330ed7277ac7ab59380b68eea68abb0e,29,,432825000000000000000,stakeDelegateds,,,,,,0x4e22846846e395a164bab655de244e75c54b087b,429600535179476000000,,,,,,
,11487351,,0xb70c29c313cb42f12d4835ae1fb48295ed534bfd59438d858827a6fd138fa361-277,0x7ab4cf25330ed7277ac7ab59380b68eea68abb0e,277,,3820661418081550000000,stakeDelegateds,,,,,,0xb414c335e1800c8cc6c11d8da9feed702f6acc08,3792198209316490000000,,,,,,
,11487419,,0x98d8ab13a21c08e0faebdc9c15b4ab67b7095fee992ddf9cccfbd6127275a043-112,0x7ab4cf25330ed7277ac7ab59380b68eea68abb0e,112,,1867890678491140000000,stakeDelegateds,,,,,,0xfe70e4fdd19489d1384e50cc2dbfe993f7b94589,1853975244351760000000,,,,,,
,11487679,,0x878b5f40b1677e2087592311a4f095a97ba21cc0f060123c9b25667fd0ee6f15-121,0x7ab4cf25330ed7277ac7ab59380b68eea68abb0e,121,,358896500000000000000,stakeDelegateds,,,,,,0xffcc886d4a19a3283df6f73edb8351b290c984ae,356222788595947000000,,,,,,
,11488043,,0x406b6eb43382e144edb1a6a746cef44b215ac15d4864efe1e6724b633210da88-152,0x7ab4cf25330ed7277ac7ab59380b68eea68abb0e,152,,298500000000000000000,stakeDelegateds,,,,,,0x625114d3fc10a15a5465d3137aba4771464aae3d,296276231158259000000,,,,,,
,11488044,,0x62195d039618e01d48528dc012552789cf4b75cd1161afd24aa7797d40317a05-237,0x7ab4cf25330ed7277ac7ab59380b68eea68abb0e,237,,106465000000000000000,stakeDelegateds,,,,,,0xec0c2a42305d2f92e8a986f7a3d593f737e7f516,105671855779779000000,,,,,,
,11488060,,0x286332f16b9ef80cd4e6f1a2e767f3949721861d5696a6a5ff1cb6c083aa7865-15,0x7ab4cf25330ed7277ac7ab59380b68eea68abb0e,15,,998980000000000000000,stakeDelegateds,,,,,,0x625114d3fc10a15a5465d3137aba4771464aae3d,991537786942976000000,,,,,,
,11488144,,0xda35fa36c5abd64ed58f4d196b3d6bab517449f4adaaa64b8c7878a626edf8f5-138,0x7ab4cf25330ed7277ac7ab59380b68eea68abb0e,138,,3146690226300000000000,stakeDelegateds,,,,,,0x6ca78c882b5ce143223c6e1b1990c3a21f0d94af,3123247976116230000000,,,,,,
,11488239,,0x62dd6bbd89c3e35bcf0c0a294b5e437a6c6ced4c13d4a6f7ff38458b6489e794-426,0x7ab4cf25330ed7277ac7ab59380b68eea68abb0e,426,,9950000000000000000000,stakeDelegateds,,,,,,0x4b2c2fe26fc1b9ddb7fb0da1a64eed4dc017f455,9875874371941990000000,,,,,,
,11488258,,0x784555fa26a0279bc6f83326b1c68e9ae5c70d67d1093acc41244772a78128d8-26,0x7ab4cf25330ed7277ac7ab59380b68eea68abb0e,26,,19900000000000000000,stakeDelegateds,,,,,,0x3436ecbadafa09c728423506a1661b3ed40b3da8,19751748743883900000,,,,,,
,11488296,,0x61594563f90ac909a1bc05fa41a7d669c17f8f6ca5bbc32ca6f450992bd304cc-36,0x7ab4cf25330ed7277ac7ab59380b68eea68abb0e,36,,1025938530000000000000,stakeDelegateds,,,,,,0x80640092a460d1dcd590f483ff9cabbcff619c85,1018295480966310000000,,,,,,
,11488339,,0x37f656e31e3960fcb99b2513990e340efa6dec1e942eab3cb9e5ad1577206571-102,0x7ab4cf25330ed7277ac7ab59380b68eea68abb0e,102,,99500000000000000000,stakeDelegateds,,,,,,0xf2413c436fd37e4a42850cfa24e34a30829b7aec,98758743719419900000,,,,,,
